date,subject,body,label,from
2015-01-01 00:00:00.000000000,Congratulations! You've won,Your account will be suspended unless you update your payment information immediately. Click here: https://paypal-secure.verify-account.com,phishing,noreply0@suspicious-domain.com
2015-01-02 19:50:45.322661330,Important security alert,Your package is ready for delivery. Track your shipment: http://tracking-express.com/package,phishing,noreply1@suspicious-domain.com
2015-01-04 15:41:30.645322661,Reset your password now,"Dear valued customer, we have detected suspicious activity on your account. Please verify your identity by clicking the link below: http://secure-bank-verify.com/login",phishing,noreply2@suspicious-domain.com
2015-01-06 11:32:15.967983992,Action required: Update payment information,"Dear valued customer, we have detected suspicious activity on your account. Please verify your identity by clicking the link below: http://secure-bank-verify.com/login",phishing,noreply3@suspicious-domain.com
2015-01-08 07:23:01.290645322,Congratulations! You've won,Congratulations! You have been selected as a winner. Claim your prize now: http://prize-winner.net/claim,phishing,noreply4@suspicious-domain.com
2015-01-10 03:13:46.613306653,Click here to claim your prize,We need to confirm your identity. Please provide your account details: https://account-security.com/verify,phishing,noreply5@suspicious-domain.com
2015-01-11 23:04:31.935967984,Confirm your identity immediately,Congratulations! You have been selected as a winner. Claim your prize now: http://prize-winner.net/claim,phishing,noreply6@suspicious-domain.com
2015-01-13 18:55:17.258629314,Congratulations! You've won,We need to confirm your identity. Please provide your account details: https://account-security.com/verify,phishing,noreply7@suspicious-domain.com
2015-01-15 14:46:02.581290645,Reset your password now,Your account will be suspended unless you update your payment information immediately. Click here: https://paypal-secure.verify-account.com,phishing,noreply8@suspicious-domain.com
2015-01-17 10:36:47.903951976,Action required: Update payment information,Your account will be suspended unless you update your payment information immediately. Click here: https://paypal-secure.verify-account.com,phishing,noreply9@suspicious-domain.com
2015-01-19 06:27:33.226613306,Important security alert,Your package is ready for delivery. Track your shipment: http://tracking-express.com/package,phishing,noreply10@suspicious-domain.com
2015-01-21 02:18:18.549274637,Reset your password now,We need to confirm your identity. Please provide your account details: https://account-security.com/verify,phishing,noreply11@suspicious-domain.com
2015-01-22 22:09:03.871935968,Reset your password now,Your package is ready for delivery. Track your shipment: http://tracking-express.com/package,phishing,noreply12@suspicious-domain.com
2015-01-24 17:59:49.194597298,Confirm your identity immediately,"Dear valued customer, we have detected suspicious activity on your account. Please verify your identity by clicking the link below: http://secure-bank-verify.com/login",phishing,noreply13@suspicious-domain.com
2015-01-26 13:50:34.517258629,Your package is waiting,We need to confirm your identity. Please provide your account details: https://account-security.com/verify,phishing,noreply14@suspicious-domain.com
2015-01-28 09:41:19.839919960,Action required: Update payment information,Congratulations! You have been selected as a winner. Claim your prize now: http://prize-winner.net/claim,phishing,noreply15@suspicious-domain.com
2015-01-30 05:32:05.162581290,Your account has been compromised,"Dear valued customer, we have detected suspicious activity on your account. Please verify your identity by clicking the link below: http://secure-bank-verify.com/login",phishing,noreply16@suspicious-domain.com
2015-02-01 01:22:50.485242621,Reset your password now,"Dear valued customer, we have detected suspicious activity on your account. Please verify your identity by clicking the link below: http://secure-bank-verify.com/login",phishing,noreply17@suspicious-domain.com
2015-02-02 21:13:35.807903952,Your package is waiting,Congratulations! You have been selected as a winner. Claim your prize now: http://prize-winner.net/claim,phishing,noreply18@suspicious-domain.com
2015-02-04 17:04:21.130565282,Your account has been compromised,"Dear valued customer, we have detected suspicious activity on your account. Please verify your identity by clicking the link below: http://secure-bank-verify.com/login",phishing,noreply19@suspicious-domain.com
2015-02-06 12:55:06.453226613,Action required: Update payment information,We need to confirm your identity. Please provide your account details: https://account-security.com/verify,phishing,noreply20@suspicious-domain.com
2015-02-08 08:45:51.775887944,Urgent: Verify your account,Your package is ready for delivery. Track your shipment: http://tracking-express.com/package,phishing,noreply21@suspicious-domain.com
2015-02-10 04:36:37.098549274,Click here to claim your prize,"Dear valued customer, we have detected suspicious activity on your account. Please verify your identity by clicking the link below: http://secure-bank-verify.com/login",phishing,noreply22@suspicious-domain.com
2015-02-12 00:27:22.421210605,Your package is waiting,We need to confirm your identity. Please provide your account details: https://account-security.com/verify,phishing,noreply23@suspicious-domain.com
2015-02-13 20:18:07.743871936,Unusual activity detected,Your account will be suspended unless you update your payment information immediately. Click here: https://paypal-secure.verify-account.com,phishing,noreply24@suspicious-domain.com
2015-02-15 16:08:53.066533266,Urgent: Verify your account,We need to confirm your identity. Please provide your account details: https://account-security.com/verify,phishing,noreply25@suspicious-domain.com
2015-02-17 11:59:38.389194597,Click here to claim your prize,Your package is ready for delivery. Track your shipment: http://tracking-express.com/package,phishing,noreply26@suspicious-domain.com
2015-02-19 07:50:23.711855927,Confirm your identity immediately,We need to confirm your identity. Please provide your account details: https://account-security.com/verify,phishing,noreply27@suspicious-domain.com
2015-02-21 03:41:09.034517258,Congratulations! You've won,Congratulations! You have been selected as a winner. Claim your prize now: http://prize-winner.net/claim,phishing,noreply28@suspicious-domain.com
2015-02-22 23:31:54.357178589,Important security alert,Your package is ready for delivery. Track your shipment: http://tracking-express.com/package,phishing,noreply29@suspicious-domain.com
2015-02-24 19:22:39.679839920,Unusual activity detected,Your account will be suspended unless you update your payment information immediately. Click here: https://paypal-secure.verify-account.com,phishing,noreply30@suspicious-domain.com
2015-02-26 15:13:25.002501250,Confirm your identity immediately,Congratulations! You have been selected as a winner. Claim your prize now: http://prize-winner.net/claim,phishing,noreply31@suspicious-domain.com
2015-02-28 11:04:10.325162581,Action required: Update payment information,We need to confirm your identity. Please provide your account details: https://account-security.com/verify,phishing,noreply32@suspicious-domain.com
2015-03-02 06:54:55.647823912,Confirm your identity immediately,Your package is ready for delivery. Track your shipment: http://tracking-express.com/package,phishing,noreply33@suspicious-domain.com
2015-03-04 02:45:40.970485242,Congratulations! You've won,Your account will be suspended unless you update your payment information immediately. Click here: https://paypal-secure.verify-account.com,phishing,noreply34@suspicious-domain.com
2015-03-05 22:36:26.293146573,Action required: Update payment information,Congratulations! You have been selected as a winner. Claim your prize now: http://prize-winner.net/claim,phishing,noreply35@suspicious-domain.com
2015-03-07 18:27:11.615807904,Unusual activity detected,Your account will be suspended unless you update your payment information immediately. Click here: https://paypal-secure.verify-account.com,phishing,noreply36@suspicious-domain.com
2015-03-09 14:17:56.938469234,Congratulations! You've won,We need to confirm your identity. Please provide your account details: https://account-security.com/verify,phishing,noreply37@suspicious-domain.com
2015-03-11 10:08:42.261130565,Your account has been compromised,Your account will be suspended unless you update your payment information immediately. Click here: https://paypal-secure.verify-account.com,phishing,noreply38@suspicious-domain.com
2015-03-13 05:59:27.583791896,Important security alert,"Dear valued customer, we have detected suspicious activity on your account. Please verify your identity by clicking the link below: http://secure-bank-verify.com/login",phishing,noreply39@suspicious-domain.com
2015-03-15 01:50:12.906453226,Unusual activity detected,Congratulations! You have been selected as a winner. Claim your prize now: http://prize-winner.net/claim,phishing,noreply40@suspicious-domain.com
2015-03-16 21:40:58.229114557,Your account has been compromised,Your account will be suspended unless you update your payment information immediately. Click here: https://paypal-secure.verify-account.com,phishing,noreply41@suspicious-domain.com
2015-03-18 17:31:43.551775888,Click here to claim your prize,We need to confirm your identity. Please provide your account details: https://account-security.com/verify,phishing,noreply42@suspicious-domain.com
2015-03-20 13:22:28.874437218,Unusual activity detected,We need to confirm your identity. Please provide your account details: https://account-security.com/verify,phishing,noreply43@suspicious-domain.com
2015-03-22 09:13:14.197098549,Click here to claim your prize,Your account will be suspended unless you update your payment information immediately. Click here: https://paypal-secure.verify-account.com,phishing,noreply44@suspicious-domain.com
2015-03-24 05:03:59.519759880,Action required: Update payment information,We need to confirm your identity. Please provide your account details: https://account-security.com/verify,phishing,noreply45@suspicious-domain.com
2015-03-26 00:54:44.842421210,Your account has been compromised,Your package is ready for delivery. Track your shipment: http://tracking-express.com/package,phishing,noreply46@suspicious-domain.com
2015-03-27 20:45:30.165082541,Important security alert,Your package is ready for delivery. Track your shipment: http://tracking-express.com/package,phishing,noreply47@suspicious-domain.com
2015-03-29 16:36:15.487743872,Congratulations! You've won,Your package is ready for delivery. Track your shipment: http://tracking-express.com/package,phishing,noreply48@suspicious-domain.com
2015-03-31 12:27:00.810405202,Reset your password now,"Dear valued customer, we have detected suspicious activity on your account. Please verify your identity by clicking the link below: http://secure-bank-verify.com/login",phishing,noreply49@suspicious-domain.com
2015-04-02 08:17:46.133066533,Confirm your identity immediately,Your account will be suspended unless you update your payment information immediately. Click here: https://paypal-secure.verify-account.com,phishing,noreply50@suspicious-domain.com
2015-04-04 04:08:31.455727863,Urgent: Verify your account,"Dear valued customer, we have detected suspicious activity on your account. Please verify your identity by clicking the link below: http://secure-bank-verify.com/login",phishing,noreply51@suspicious-domain.com
2015-04-05 23:59:16.778389194,Important security alert,We need to confirm your identity. Please provide your account details: https://account-security.com/verify,phishing,noreply52@suspicious-domain.com
2015-04-07 19:50:02.101050525,Your account has been compromised,"Dear valued customer, we have detected suspicious activity on your account. Please verify your identity by clicking the link below: http://secure-bank-verify.com/login",phishing,noreply53@suspicious-domain.com
2015-04-09 15:40:47.423711855,Reset your password now,We need to confirm your identity. Please provide your account details: https://account-security.com/verify,phishing,noreply54@suspicious-domain.com
2015-04-11 11:31:32.746373186,Important security alert,We need to confirm your identity. Please provide your account details: https://account-security.com/verify,phishing,noreply55@suspicious-domain.com
2015-04-13 07:22:18.069034517,Your account has been compromised,Congratulations! You have been selected as a winner. Claim your prize now: http://prize-winner.net/claim,phishing,noreply56@suspicious-domain.com
2015-04-15 03:13:03.391695847,Your package is waiting,Your package is ready for delivery. Track your shipment: http://tracking-express.com/package,phishing,noreply57@suspicious-domain.com
2015-04-16 23:03:48.714357178,Your package is waiting,We need to confirm your identity. Please provide your account details: https://account-security.com/verify,phishing,noreply58@suspicious-domain.com
2015-04-18 18:54:34.037018508,Click here to claim your prize,Congratulations! You have been selected as a winner. Claim your prize now: http://prize-winner.net/claim,phishing,noreply59@suspicious-domain.com
2015-04-20 14:45:19.359679840,Important security alert,Your package is ready for delivery. Track your shipment: http://tracking-express.com/package,phishing,noreply60@suspicious-domain.com
2015-04-22 10:36:04.682341170,Your package is waiting,We need to confirm your identity. Please provide your account details: https://account-security.com/verify,phishing,noreply61@suspicious-domain.com
2015-04-24 06:26:50.005002500,Your account has been compromised,We need to confirm your identity. Please provide your account details: https://account-security.com/verify,phishing,noreply62@suspicious-domain.com
2015-04-26 02:17:35.327663832,Click here to claim your prize,"Dear valued customer, we have detected suspicious activity on your account. Please verify your identity by clicking the link below: http://secure-bank-verify.com/login",phishing,noreply63@suspicious-domain.com
2015-04-27 22:08:20.650325162,Your account has been compromised,"Dear valued customer, we have detected suspicious activity on your account. Please verify your identity by clicking the link below: http://secure-bank-verify.com/login",phishing,noreply64@suspicious-domain.com
2015-04-29 17:59:05.972986492,Click here to claim your prize,Your package is ready for delivery. Track your shipment: http://tracking-express.com/package,phishing,noreply65@suspicious-domain.com
2015-05-01 13:49:51.295647824,Important security alert,We need to confirm your identity. Please provide your account details: https://account-security.com/verify,phishing,noreply66@suspicious-domain.com
2015-05-03 09:40:36.618309154,Reset your password now,Your account will be suspended unless you update your payment information immediately. Click here: https://paypal-secure.verify-account.com,phishing,noreply67@suspicious-domain.com
2015-05-05 05:31:21.940970484,Congratulations! You've won,"Dear valued customer, we have detected suspicious activity on your account. Please verify your identity by clicking the link below: http://secure-bank-verify.com/login",phishing,noreply68@suspicious-domain.com
2015-05-07 01:22:07.263631816,Unusual activity detected,Your package is ready for delivery. Track your shipment: http://tracking-express.com/package,phishing,noreply69@suspicious-domain.com
2015-05-08 21:12:52.586293146,Reset your password now,We need to confirm your identity. Please provide your account details: https://account-security.com/verify,phishing,noreply70@suspicious-domain.com
2015-05-10 17:03:37.908954476,Action required: Update payment information,We need to confirm your identity. Please provide your account details: https://account-security.com/verify,phishing,noreply71@suspicious-domain.com
2015-05-12 12:54:23.231615808,Your account has been compromised,Your account will be suspended unless you update your payment information immediately. Click here: https://paypal-secure.verify-account.com,phishing,noreply72@suspicious-domain.com
2015-05-14 08:45:08.554277138,Action required: Update payment information,Your package is ready for delivery. Track your shipment: http://tracking-express.com/package,phishing,noreply73@suspicious-domain.com
2015-05-16 04:35:53.876938468,Reset your password now,We need to confirm your identity. Please provide your account details: https://account-security.com/verify,phishing,noreply74@suspicious-domain.com
2015-05-18 00:26:39.199599800,Click here to claim your prize,"Dear valued customer, we have detected suspicious activity on your account. Please verify your identity by clicking the link below: http://secure-bank-verify.com/login",phishing,noreply75@suspicious-domain.com
2015-05-19 20:17:24.522261130,Unusual activity detected,Your account will be suspended unless you update your payment information immediately. Click here: https://paypal-secure.verify-account.com,phishing,noreply76@suspicious-domain.com
2015-05-21 16:08:09.844922460,Unusual activity detected,Your package is ready for delivery. Track your shipment: http://tracking-express.com/package,phishing,noreply77@suspicious-domain.com
2015-05-23 11:58:55.167583792,Urgent: Verify your account,Your account will be suspended unless you update your payment information immediately. Click here: https://paypal-secure.verify-account.com,phishing,noreply78@suspicious-domain.com
2015-05-25 07:49:40.490245122,Unusual activity detected,"Dear valued customer, we have detected suspicious activity on your account. Please verify your identity by clicking the link below: http://secure-bank-verify.com/login",phishing,noreply79@suspicious-domain.com
2015-05-27 03:40:25.812906452,Congratulations! You've won,Your package is ready for delivery. Track your shipment: http://tracking-express.com/package,phishing,noreply80@suspicious-domain.com
2015-05-28 23:31:11.135567784,Unusual activity detected,Your account will be suspended unless you update your payment information immediately. Click here: https://paypal-secure.verify-account.com,phishing,noreply81@suspicious-domain.com
2015-05-30 19:21:56.458229114,Reset your password now,Congratulations! You have been selected as a winner. Claim your prize now: http://prize-winner.net/claim,phishing,noreply82@suspicious-domain.com
2015-06-01 15:12:41.780890444,Urgent: Verify your account,"Dear valued customer, we have detected suspicious activity on your account. Please verify your identity by clicking the link below: http://secure-bank-verify.com/login",phishing,noreply83@suspicious-domain.com
2015-06-03 11:03:27.103551776,Reset your password now,"Dear valued customer, we have detected suspicious activity on your account. Please verify your identity by clicking the link below: http://secure-bank-verify.com/login",phishing,noreply84@suspicious-domain.com
2015-06-05 06:54:12.426213106,Reset your password now,"Dear valued customer, we have detected suspicious activity on your account. Please verify your identity by clicking the link below: http://secure-bank-verify.com/login",phishing,noreply85@suspicious-domain.com
2015-06-07 02:44:57.748874436,Confirm your identity immediately,Congratulations! You have been selected as a winner. Claim your prize now: http://prize-winner.net/claim,phishing,noreply86@suspicious-domain.com
2015-06-08 22:35:43.071535768,Urgent: Verify your account,Congratulations! You have been selected as a winner. Claim your prize now: http://prize-winner.net/claim,phishing,noreply87@suspicious-domain.com
2015-06-10 18:26:28.394197098,Reset your password now,We need to confirm your identity. Please provide your account details: https://account-security.com/verify,phishing,noreply88@suspicious-domain.com
2015-06-12 14:17:13.716858428,Confirm your identity immediately,Your account will be suspended unless you update your payment information immediately. Click here: https://paypal-secure.verify-account.com,phishing,noreply89@suspicious-domain.com
2015-06-14 10:07:59.039519760,Confirm your identity immediately,We need to confirm your identity. Please provide your account details: https://account-security.com/verify,phishing,noreply90@suspicious-domain.com
2015-06-16 05:58:44.362181090,Urgent: Verify your account,Your account will be suspended unless you update your payment information immediately. Click here: https://paypal-secure.verify-account.com,phishing,noreply91@suspicious-domain.com
2015-06-18 01:49:29.684842420,Action required: Update payment information,Congratulations! You have been selected as a winner. Claim your prize now: http://prize-winner.net/claim,phishing,noreply92@suspicious-domain.com
2015-06-19 21:40:15.007503752,Click here to claim your prize,Congratulations! You have been selected as a winner. Claim your prize now: http://prize-winner.net/claim,phishing,noreply93@suspicious-domain.com
2015-06-21 17:31:00.330165082,Congratulations! You've won,We need to confirm your identity. Please provide your account details: https://account-security.com/verify,phishing,noreply94@suspicious-domain.com
2015-06-23 13:21:45.652826412,Click here to claim your prize,Your package is ready for delivery. Track your shipment: http://tracking-express.com/package,phishing,noreply95@suspicious-domain.com
2015-06-25 09:12:30.975487744,Unusual activity detected,We need to confirm your identity. Please provide your account details: https://account-security.com/verify,phishing,noreply96@suspicious-domain.com
2015-06-27 05:03:16.298149074,Congratulations! You've won,Your account will be suspended unless you update your payment information immediately. Click here: https://paypal-secure.verify-account.com,phishing,noreply97@suspicious-domain.com
2015-06-29 00:54:01.620810404,Unusual activity detected,We need to confirm your identity. Please provide your account details: https://account-security.com/verify,phishing,noreply98@suspicious-domain.com
2015-06-30 20:44:46.943471734,Reset your password now,"Dear valued customer, we have detected suspicious activity on your account. Please verify your identity by clicking the link below: http://secure-bank-verify.com/login",phishing,noreply99@suspicious-domain.com
2015-07-02 16:35:32.266133066,Your account has been compromised,Your account will be suspended unless you update your payment information immediately. Click here: https://paypal-secure.verify-account.com,phishing,noreply100@suspicious-domain.com
2015-07-04 12:26:17.588794396,Urgent: Verify your account,Your account will be suspended unless you update your payment information immediately. Click here: https://paypal-secure.verify-account.com,phishing,noreply101@suspicious-domain.com
2015-07-06 08:17:02.911455726,Congratulations! You've won,Your package is ready for delivery. Track your shipment: http://tracking-express.com/package,phishing,noreply102@suspicious-domain.com
2015-07-08 04:07:48.234117058,Congratulations! You've won,Congratulations! You have been selected as a winner. Claim your prize now: http://prize-winner.net/claim,phishing,noreply103@suspicious-domain.com
2015-07-09 23:58:33.556778388,Reset your password now,Your account will be suspended unless you update your payment information immediately. Click here: https://paypal-secure.verify-account.com,phishing,noreply104@suspicious-domain.com
2015-07-11 19:49:18.879439718,Action required: Update payment information,Congratulations! You have been selected as a winner. Claim your prize now: http://prize-winner.net/claim,phishing,noreply105@suspicious-domain.com
2015-07-13 15:40:04.202101050,Confirm your identity immediately,We need to confirm your identity. Please provide your account details: https://account-security.com/verify,phishing,noreply106@suspicious-domain.com
2015-07-15 11:30:49.524762380,Reset your password now,"Dear valued customer, we have detected suspicious activity on your account. Please verify your identity by clicking the link below: http://secure-bank-verify.com/login",phishing,noreply107@suspicious-domain.com
2015-07-17 07:21:34.847423710,Your package is waiting,Your package is ready for delivery. Track your shipment: http://tracking-express.com/package,phishing,noreply108@suspicious-domain.com
2015-07-19 03:12:20.170085042,Confirm your identity immediately,Congratulations! You have been selected as a winner. Claim your prize now: http://prize-winner.net/claim,phishing,noreply109@suspicious-domain.com
2015-07-20 23:03:05.492746372,Urgent: Verify your account,Your account will be suspended unless you update your payment information immediately. Click here: https://paypal-secure.verify-account.com,phishing,noreply110@suspicious-domain.com
2015-07-22 18:53:50.815407702,Confirm your identity immediately,Congratulations! You have been selected as a winner. Claim your prize now: http://prize-winner.net/claim,phishing,noreply111@suspicious-domain.com
2015-07-24 14:44:36.138069034,Action required: Update payment information,Your account will be suspended unless you update your payment information immediately. Click here: https://paypal-secure.verify-account.com,phishing,noreply112@suspicious-domain.com
2015-07-26 10:35:21.460730364,Confirm your identity immediately,Congratulations! You have been selected as a winner. Claim your prize now: http://prize-winner.net/claim,phishing,noreply113@suspicious-domain.com
2015-07-28 06:26:06.783391694,Urgent: Verify your account,Your account will be suspended unless you update your payment information immediately. Click here: https://paypal-secure.verify-account.com,phishing,noreply114@suspicious-domain.com
2015-07-30 02:16:52.106053024,Action required: Update payment information,We need to confirm your identity. Please provide your account details: https://account-security.com/verify,phishing,noreply115@suspicious-domain.com
2015-07-31 22:07:37.428714356,Click here to claim your prize,Your account will be suspended unless you update your payment information immediately. Click here: https://paypal-secure.verify-account.com,phishing,noreply116@suspicious-domain.com
2015-08-02 17:58:22.751375688,Congratulations! You've won,Your account will be suspended unless you update your payment information immediately. Click here: https://paypal-secure.verify-account.com,phishing,noreply117@suspicious-domain.com
2015-08-04 13:49:08.074037016,Congratulations! You've won,"Dear valued customer, we have detected suspicious activity on your account. Please verify your identity by clicking the link below: http://secure-bank-verify.com/login",phishing,noreply118@suspicious-domain.com
2015-08-06 09:39:53.396698348,Unusual activity detected,Your account will be suspended unless you update your payment information immediately. Click here: https://paypal-secure.verify-account.com,phishing,noreply119@suspicious-domain.com
2015-08-08 05:30:38.719359680,Click here to claim your prize,"Dear valued customer, we have detected suspicious activity on your account. Please verify your identity by clicking the link below: http://secure-bank-verify.com/login",phishing,noreply120@suspicious-domain.com
2015-08-10 01:21:24.042021008,Click here to claim your prize,Your package is ready for delivery. Track your shipment: http://tracking-express.com/package,phishing,noreply121@suspicious-domain.com
2015-08-11 21:12:09.364682340,Confirm your identity immediately,"Dear valued customer, we have detected suspicious activity on your account. Please verify your identity by clicking the link below: http://secure-bank-verify.com/login",phishing,noreply122@suspicious-domain.com
2015-08-13 17:02:54.687343672,Congratulations! You've won,We need to confirm your identity. Please provide your account details: https://account-security.com/verify,phishing,noreply123@suspicious-domain.com
2015-08-15 12:53:40.010005000,Urgent: Verify your account,"Dear valued customer, we have detected suspicious activity on your account. Please verify your identity by clicking the link below: http://secure-bank-verify.com/login",phishing,noreply124@suspicious-domain.com
2015-08-17 08:44:25.332666332,Important security alert,Your package is ready for delivery. Track your shipment: http://tracking-express.com/package,phishing,noreply125@suspicious-domain.com
2015-08-19 04:35:10.655327664,Important security alert,We need to confirm your identity. Please provide your account details: https://account-security.com/verify,phishing,noreply126@suspicious-domain.com
2015-08-21 00:25:55.977988992,Action required: Update payment information,Congratulations! You have been selected as a winner. Claim your prize now: http://prize-winner.net/claim,phishing,noreply127@suspicious-domain.com
2015-08-22 20:16:41.300650324,Congratulations! You've won,Congratulations! You have been selected as a winner. Claim your prize now: http://prize-winner.net/claim,phishing,noreply128@suspicious-domain.com
2015-08-24 16:07:26.623311656,Congratulations! You've won,"Dear valued customer, we have detected suspicious activity on your account. Please verify your identity by clicking the link below: http://secure-bank-verify.com/login",phishing,noreply129@suspicious-domain.com
2015-08-26 11:58:11.945972984,Important security alert,"Dear valued customer, we have detected suspicious activity on your account. Please verify your identity by clicking the link below: http://secure-bank-verify.com/login",phishing,noreply130@suspicious-domain.com
2015-08-28 07:48:57.268634316,Congratulations! You've won,Your package is ready for delivery. Track your shipment: http://tracking-express.com/package,phishing,noreply131@suspicious-domain.com
2015-08-30 03:39:42.591295648,Confirm your identity immediately,Your package is ready for delivery. Track your shipment: http://tracking-express.com/package,phishing,noreply132@suspicious-domain.com
2015-08-31 23:30:27.913956976,Your package is waiting,Your account will be suspended unless you update your payment information immediately. Click here: https://paypal-secure.verify-account.com,phishing,noreply133@suspicious-domain.com
2015-09-02 19:21:13.236618308,Your account has been compromised,Your package is ready for delivery. Track your shipment: http://tracking-express.com/package,phishing,noreply134@suspicious-domain.com
2015-09-04 15:11:58.559279640,Click here to claim your prize,Your account will be suspended unless you update your payment information immediately. Click here: https://paypal-secure.verify-account.com,phishing,noreply135@suspicious-domain.com
2015-09-06 11:02:43.881940968,Unusual activity detected,We need to confirm your identity. Please provide your account details: https://account-security.com/verify,phishing,noreply136@suspicious-domain.com
2015-09-08 06:53:29.204602300,Action required: Update payment information,"Dear valued customer, we have detected suspicious activity on your account. Please verify your identity by clicking the link below: http://secure-bank-verify.com/login",phishing,noreply137@suspicious-domain.com
2015-09-10 02:44:14.527263632,Your package is waiting,We need to confirm your identity. Please provide your account details: https://account-security.com/verify,phishing,noreply138@suspicious-domain.com
2015-09-11 22:34:59.849924960,Important security alert,Your package is ready for delivery. Track your shipment: http://tracking-express.com/package,phishing,noreply139@suspicious-domain.com
2015-09-13 18:25:45.172586292,Click here to claim your prize,We need to confirm your identity. Please provide your account details: https://account-security.com/verify,phishing,noreply140@suspicious-domain.com
2015-09-15 14:16:30.495247624,Congratulations! You've won,We need to confirm your identity. Please provide your account details: https://account-security.com/verify,phishing,noreply141@suspicious-domain.com
2015-09-17 10:07:15.817908952,Unusual activity detected,We need to confirm your identity. Please provide your account details: https://account-security.com/verify,phishing,noreply142@suspicious-domain.com
2015-09-19 05:58:01.140570284,Congratulations! You've won,Your package is ready for delivery. Track your shipment: http://tracking-express.com/package,phishing,noreply143@suspicious-domain.com
2015-09-21 01:48:46.463231616,Urgent: Verify your account,We need to confirm your identity. Please provide your account details: https://account-security.com/verify,phishing,noreply144@suspicious-domain.com
2015-09-22 21:39:31.785892944,Urgent: Verify your account,Your account will be suspended unless you update your payment information immediately. Click here: https://paypal-secure.verify-account.com,phishing,noreply145@suspicious-domain.com
2015-09-24 17:30:17.108554276,Unusual activity detected,Your package is ready for delivery. Track your shipment: http://tracking-express.com/package,phishing,noreply146@suspicious-domain.com
2015-09-26 13:21:02.431215608,Unusual activity detected,We need to confirm your identity. Please provide your account details: https://account-security.com/verify,phishing,noreply147@suspicious-domain.com
2015-09-28 09:11:47.753876936,Important security alert,Your package is ready for delivery. Track your shipment: http://tracking-express.com/package,phishing,noreply148@suspicious-domain.com
2015-09-30 05:02:33.076538268,Unusual activity detected,Congratulations! You have been selected as a winner. Claim your prize now: http://prize-winner.net/claim,phishing,noreply149@suspicious-domain.com
2015-10-02 00:53:18.399199600,Confirm your identity immediately,Your account will be suspended unless you update your payment information immediately. Click here: https://paypal-secure.verify-account.com,phishing,noreply150@suspicious-domain.com
2015-10-03 20:44:03.721860928,Congratulations! You've won,We need to confirm your identity. Please provide your account details: https://account-security.com/verify,phishing,noreply151@suspicious-domain.com
2015-10-05 16:34:49.044522260,Your package is waiting,Congratulations! You have been selected as a winner. Claim your prize now: http://prize-winner.net/claim,phishing,noreply152@suspicious-domain.com
2015-10-07 12:25:34.367183592,Reset your password now,Congratulations! You have been selected as a winner. Claim your prize now: http://prize-winner.net/claim,phishing,noreply153@suspicious-domain.com
2015-10-09 08:16:19.689844920,Unusual activity detected,Your package is ready for delivery. Track your shipment: http://tracking-express.com/package,phishing,noreply154@suspicious-domain.com
2015-10-11 04:07:05.012506252,Action required: Update payment information,Congratulations! You have been selected as a winner. Claim your prize now: http://prize-winner.net/claim,phishing,noreply155@suspicious-domain.com
2015-10-12 23:57:50.335167584,Urgent: Verify your account,Your account will be suspended unless you update your payment information immediately. Click here: https://paypal-secure.verify-account.com,phishing,noreply156@suspicious-domain.com
2015-10-14 19:48:35.657828912,Confirm your identity immediately,Your account will be suspended unless you update your payment information immediately. Click here: https://paypal-secure.verify-account.com,phishing,noreply157@suspicious-domain.com
2015-10-16 15:39:20.980490244,Click here to claim your prize,"Dear valued customer, we have detected suspicious activity on your account. Please verify your identity by clicking the link below: http://secure-bank-verify.com/login",phishing,noreply158@suspicious-domain.com
2015-10-18 11:30:06.303151576,Reset your password now,Your account will be suspended unless you update your payment information immediately. Click here: https://paypal-secure.verify-account.com,phishing,noreply159@suspicious-domain.com
2015-10-20 07:20:51.625812904,Your package is waiting,Congratulations! You have been selected as a winner. Claim your prize now: http://prize-winner.net/claim,phishing,noreply160@suspicious-domain.com
2015-10-22 03:11:36.948474236,Reset your password now,Your account will be suspended unless you update your payment information immediately. Click here: https://paypal-secure.verify-account.com,phishing,noreply161@suspicious-domain.com
2015-10-23 23:02:22.271135568,Unusual activity detected,Your package is ready for delivery. Track your shipment: http://tracking-express.com/package,phishing,noreply162@suspicious-domain.com
2015-10-25 18:53:07.593796896,Important security alert,"Dear valued customer, we have detected suspicious activity on your account. Please verify your identity by clicking the link below: http://secure-bank-verify.com/login",phishing,noreply163@suspicious-domain.com
2015-10-27 14:43:52.916458228,Urgent: Verify your account,Congratulations! You have been selected as a winner. Claim your prize now: http://prize-winner.net/claim,phishing,noreply164@suspicious-domain.com
2015-10-29 10:34:38.239119560,Urgent: Verify your account,"Dear valued customer, we have detected suspicious activity on your account. Please verify your identity by clicking the link below: http://secure-bank-verify.com/login",phishing,noreply165@suspicious-domain.com
2015-10-31 06:25:23.561780888,Click here to claim your prize,Congratulations! You have been selected as a winner. Claim your prize now: http://prize-winner.net/claim,phishing,noreply166@suspicious-domain.com
2015-11-02 02:16:08.884442220,Important security alert,Your package is ready for delivery. Track your shipment: http://tracking-express.com/package,phishing,noreply167@suspicious-domain.com
2015-11-03 22:06:54.207103552,Congratulations! You've won,"Dear valued customer, we have detected suspicious activity on your account. Please verify your identity by clicking the link below: http://secure-bank-verify.com/login",phishing,noreply168@suspicious-domain.com
2015-11-05 17:57:39.529764880,Your account has been compromised,We need to confirm your identity. Please provide your account details: https://account-security.com/verify,phishing,noreply169@suspicious-domain.com
2015-11-07 13:48:24.852426212,Confirm your identity immediately,Congratulations! You have been selected as a winner. Claim your prize now: http://prize-winner.net/claim,phishing,noreply170@suspicious-domain.com
2015-11-09 09:39:10.175087544,Urgent: Verify your account,We need to confirm your identity. Please provide your account details: https://account-security.com/verify,phishing,noreply171@suspicious-domain.com
2015-11-11 05:29:55.497748872,Action required: Update payment information,"Dear valued customer, we have detected suspicious activity on your account. Please verify your identity by clicking the link below: http://secure-bank-verify.com/login",phishing,noreply172@suspicious-domain.com
2015-11-13 01:20:40.820410204,Urgent: Verify your account,We need to confirm your identity. Please provide your account details: https://account-security.com/verify,phishing,noreply173@suspicious-domain.com
2015-11-14 21:11:26.143071536,Reset your password now,We need to confirm your identity. Please provide your account details: https://account-security.com/verify,phishing,noreply174@suspicious-domain.com
2015-11-16 17:02:11.465732864,Urgent: Verify your account,"Dear valued customer, we have detected suspicious activity on your account. Please verify your identity by clicking the link below: http://secure-bank-verify.com/login",phishing,noreply175@suspicious-domain.com
2015-11-18 12:52:56.788394196,Urgent: Verify your account,Your package is ready for delivery. Track your shipment: http://tracking-express.com/package,phishing,noreply176@suspicious-domain.com
2015-11-20 08:43:42.111055528,Your account has been compromised,We need to confirm your identity. Please provide your account details: https://account-security.com/verify,phishing,noreply177@suspicious-domain.com
2015-11-22 04:34:27.433716856,Your account has been compromised,We need to confirm your identity. Please provide your account details: https://account-security.com/verify,phishing,noreply178@suspicious-domain.com
2015-11-24 00:25:12.756378188,Your package is waiting,Your package is ready for delivery. Track your shipment: http://tracking-express.com/package,phishing,noreply179@suspicious-domain.com
2015-11-25 20:15:58.079039520,Congratulations! You've won,We need to confirm your identity. Please provide your account details: https://account-security.com/verify,phishing,noreply180@suspicious-domain.com
2015-11-27 16:06:43.401700848,Action required: Update payment information,We need to confirm your identity. Please provide your account details: https://account-security.com/verify,phishing,noreply181@suspicious-domain.com
2015-11-29 11:57:28.724362180,Urgent: Verify your account,We need to confirm your identity. Please provide your account details: https://account-security.com/verify,phishing,noreply182@suspicious-domain.com
2015-12-01 07:48:14.047023512,Urgent: Verify your account,Your account will be suspended unless you update your payment information immediately. Click here: https://paypal-secure.verify-account.com,phishing,noreply183@suspicious-domain.com
2015-12-03 03:38:59.369684840,Confirm your identity immediately,Your package is ready for delivery. Track your shipment: http://tracking-express.com/package,phishing,noreply184@suspicious-domain.com
2015-12-04 23:29:44.692346172,Your account has been compromised,We need to confirm your identity. Please provide your account details: https://account-security.com/verify,phishing,noreply185@suspicious-domain.com
2015-12-06 19:20:30.015007504,Action required: Update payment information,Your package is ready for delivery. Track your shipment: http://tracking-express.com/package,phishing,noreply186@suspicious-domain.com
2015-12-08 15:11:15.337668832,Click here to claim your prize,Congratulations! You have been selected as a winner. Claim your prize now: http://prize-winner.net/claim,phishing,noreply187@suspicious-domain.com
2015-12-10 11:02:00.660330164,Your package is waiting,Congratulations! You have been selected as a winner. Claim your prize now: http://prize-winner.net/claim,phishing,noreply188@suspicious-domain.com
2015-12-12 06:52:45.982991496,Congratulations! You've won,We need to confirm your identity. Please provide your account details: https://account-security.com/verify,phishing,noreply189@suspicious-domain.com
2015-12-14 02:43:31.305652824,Important security alert,Your package is ready for delivery. Track your shipment: http://tracking-express.com/package,phishing,noreply190@suspicious-domain.com
2015-12-15 22:34:16.628314156,Congratulations! You've won,Your package is ready for delivery. Track your shipment: http://tracking-express.com/package,phishing,noreply191@suspicious-domain.com
2015-12-17 18:25:01.950975488,Reset your password now,Your package is ready for delivery. Track your shipment: http://tracking-express.com/package,phishing,noreply192@suspicious-domain.com
2015-12-19 14:15:47.273636816,Urgent: Verify your account,Your account will be suspended unless you update your payment information immediately. Click here: https://paypal-secure.verify-account.com,phishing,noreply193@suspicious-domain.com
2015-12-21 10:06:32.596298148,Your package is waiting,Congratulations! You have been selected as a winner. Claim your prize now: http://prize-winner.net/claim,phishing,noreply194@suspicious-domain.com
2015-12-23 05:57:17.918959476,Reset your password now,Your package is ready for delivery. Track your shipment: http://tracking-express.com/package,phishing,noreply195@suspicious-domain.com
2015-12-25 01:48:03.241620808,Action required: Update payment information,Your package is ready for delivery. Track your shipment: http://tracking-express.com/package,phishing,noreply196@suspicious-domain.com
2015-12-26 21:38:48.564282140,Important security alert,Your account will be suspended unless you update your payment information immediately. Click here: https://paypal-secure.verify-account.com,phishing,noreply197@suspicious-domain.com
2015-12-28 17:29:33.886943468,Your account has been compromised,Your account will be suspended unless you update your payment information immediately. Click here: https://paypal-secure.verify-account.com,phishing,noreply198@suspicious-domain.com
2015-12-30 13:20:19.209604800,Your package is waiting,Your package is ready for delivery. Track your shipment: http://tracking-express.com/package,phishing,noreply199@suspicious-domain.com
2016-01-01 09:11:04.532266132,Your package is waiting,"Dear valued customer, we have detected suspicious activity on your account. Please verify your identity by clicking the link below: http://secure-bank-verify.com/login",phishing,noreply200@suspicious-domain.com
2016-01-03 05:01:49.854927460,Urgent: Verify your account,Your package is ready for delivery. Track your shipment: http://tracking-express.com/package,phishing,noreply201@suspicious-domain.com
2016-01-05 00:52:35.177588792,Unusual activity detected,Your package is ready for delivery. Track your shipment: http://tracking-express.com/package,phishing,noreply202@suspicious-domain.com
2016-01-06 20:43:20.500250124,Your package is waiting,Your account will be suspended unless you update your payment information immediately. Click here: https://paypal-secure.verify-account.com,phishing,noreply203@suspicious-domain.com
2016-01-08 16:34:05.822911452,Confirm your identity immediately,Your account will be suspended unless you update your payment information immediately. Click here: https://paypal-secure.verify-account.com,phishing,noreply204@suspicious-domain.com
2016-01-10 12:24:51.145572784,Important security alert,Your package is ready for delivery. Track your shipment: http://tracking-express.com/package,phishing,noreply205@suspicious-domain.com
2016-01-12 08:15:36.468234116,Important security alert,Your package is ready for delivery. Track your shipment: http://tracking-express.com/package,phishing,noreply206@suspicious-domain.com
2016-01-14 04:06:21.790895444,Confirm your identity immediately,Your package is ready for delivery. Track your shipment: http://tracking-express.com/package,phishing,noreply207@suspicious-domain.com
2016-01-15 23:57:07.113556776,Click here to claim your prize,Your account will be suspended unless you update your payment information immediately. Click here: https://paypal-secure.verify-account.com,phishing,noreply208@suspicious-domain.com
2016-01-17 19:47:52.436218108,Confirm your identity immediately,Your package is ready for delivery. Track your shipment: http://tracking-express.com/package,phishing,noreply209@suspicious-domain.com
2016-01-19 15:38:37.758879436,Confirm your identity immediately,Your package is ready for delivery. Track your shipment: http://tracking-express.com/package,phishing,noreply210@suspicious-domain.com
2016-01-21 11:29:23.081540768,Important security alert,We need to confirm your identity. Please provide your account details: https://account-security.com/verify,phishing,noreply211@suspicious-domain.com
2016-01-23 07:20:08.404202100,Congratulations! You've won,"Dear valued customer, we have detected suspicious activity on your account. Please verify your identity by clicking the link below: http://secure-bank-verify.com/login",phishing,noreply212@suspicious-domain.com
2016-01-25 03:10:53.726863428,Important security alert,Congratulations! You have been selected as a winner. Claim your prize now: http://prize-winner.net/claim,phishing,noreply213@suspicious-domain.com
2016-01-26 23:01:39.049524760,Unusual activity detected,"Dear valued customer, we have detected suspicious activity on your account. Please verify your identity by clicking the link below: http://secure-bank-verify.com/login",phishing,noreply214@suspicious-domain.com
2016-01-28 18:52:24.372186092,Urgent: Verify your account,We need to confirm your identity. Please provide your account details: https://account-security.com/verify,phishing,noreply215@suspicious-domain.com
2016-01-30 14:43:09.694847420,Reset your password now,Congratulations! You have been selected as a winner. Claim your prize now: http://prize-winner.net/claim,phishing,noreply216@suspicious-domain.com
2016-02-01 10:33:55.017508752,Congratulations! You've won,Your package is ready for delivery. Track your shipment: http://tracking-express.com/package,phishing,noreply217@suspicious-domain.com
2016-02-03 06:24:40.340170084,Your account has been compromised,We need to confirm your identity. Please provide your account details: https://account-security.com/verify,phishing,noreply218@suspicious-domain.com
2016-02-05 02:15:25.662831412,Reset your password now,Your package is ready for delivery. Track your shipment: http://tracking-express.com/package,phishing,noreply219@suspicious-domain.com
2016-02-06 22:06:10.985492744,Urgent: Verify your account,Your account will be suspended unless you update your payment information immediately. Click here: https://paypal-secure.verify-account.com,phishing,noreply220@suspicious-domain.com
2016-02-08 17:56:56.308154076,Unusual activity detected,We need to confirm your identity. Please provide your account details: https://account-security.com/verify,phishing,noreply221@suspicious-domain.com
2016-02-10 13:47:41.630815404,Unusual activity detected,Your account will be suspended unless you update your payment information immediately. Click here: https://paypal-secure.verify-account.com,phishing,noreply222@suspicious-domain.com
2016-02-12 09:38:26.953476736,Your account has been compromised,We need to confirm your identity. Please provide your account details: https://account-security.com/verify,phishing,noreply223@suspicious-domain.com
2016-02-14 05:29:12.276138068,Congratulations! You've won,We need to confirm your identity. Please provide your account details: https://account-security.com/verify,phishing,noreply224@suspicious-domain.com
2016-02-16 01:19:57.598799396,Click here to claim your prize,Your account will be suspended unless you update your payment information immediately. Click here: https://paypal-secure.verify-account.com,phishing,noreply225@suspicious-domain.com
2016-02-17 21:10:42.921460728,Confirm your identity immediately,Congratulations! You have been selected as a winner. Claim your prize now: http://prize-winner.net/claim,phishing,noreply226@suspicious-domain.com
2016-02-19 17:01:28.244122060,Congratulations! You've won,"Dear valued customer, we have detected suspicious activity on your account. Please verify your identity by clicking the link below: http://secure-bank-verify.com/login",phishing,noreply227@suspicious-domain.com
2016-02-21 12:52:13.566783388,Click here to claim your prize,Your package is ready for delivery. Track your shipment: http://tracking-express.com/package,phishing,noreply228@suspicious-domain.com
2016-02-23 08:42:58.889444720,Unusual activity detected,We need to confirm your identity. Please provide your account details: https://account-security.com/verify,phishing,noreply229@suspicious-domain.com
2016-02-25 04:33:44.212106048,Important security alert,Your package is ready for delivery. Track your shipment: http://tracking-express.com/package,phishing,noreply230@suspicious-domain.com
2016-02-27 00:24:29.534767384,Urgent: Verify your account,Your account will be suspended unless you update your payment information immediately. Click here: https://paypal-secure.verify-account.com,phishing,noreply231@suspicious-domain.com
2016-02-28 20:15:14.857428712,Your account has been compromised,Your package is ready for delivery. Track your shipment: http://tracking-express.com/package,phishing,noreply232@suspicious-domain.com
2016-03-01 16:06:00.180090040,Urgent: Verify your account,Your account will be suspended unless you update your payment information immediately. Click here: https://paypal-secure.verify-account.com,phishing,noreply233@suspicious-domain.com
2016-03-03 11:56:45.502751376,Action required: Update payment information,Your package is ready for delivery. Track your shipment: http://tracking-express.com/package,phishing,noreply234@suspicious-domain.com
2016-03-05 07:47:30.825412704,Action required: Update payment information,"Dear valued customer, we have detected suspicious activity on your account. Please verify your identity by clicking the link below: http://secure-bank-verify.com/login",phishing,noreply235@suspicious-domain.com
2016-03-07 03:38:16.148074032,Congratulations! You've won,"Dear valued customer, we have detected suspicious activity on your account. Please verify your identity by clicking the link below: http://secure-bank-verify.com/login",phishing,noreply236@suspicious-domain.com
2016-03-08 23:29:01.470735368,Unusual activity detected,"Dear valued customer, we have detected suspicious activity on your account. Please verify your identity by clicking the link below: http://secure-bank-verify.com/login",phishing,noreply237@suspicious-domain.com
2016-03-10 19:19:46.793396696,Unusual activity detected,"Dear valued customer, we have detected suspicious activity on your account. Please verify your identity by clicking the link below: http://secure-bank-verify.com/login",phishing,noreply238@suspicious-domain.com
2016-03-12 15:10:32.116058024,Confirm your identity immediately,"Dear valued customer, we have detected suspicious activity on your account. Please verify your identity by clicking the link below: http://secure-bank-verify.com/login",phishing,noreply239@suspicious-domain.com
2016-03-14 11:01:17.438719360,Confirm your identity immediately,"Dear valued customer, we have detected suspicious activity on your account. Please verify your identity by clicking the link below: http://secure-bank-verify.com/login",phishing,noreply240@suspicious-domain.com
2016-03-16 06:52:02.761380688,Confirm your identity immediately,Your account will be suspended unless you update your payment information immediately. Click here: https://paypal-secure.verify-account.com,phishing,noreply241@suspicious-domain.com
2016-03-18 02:42:48.084042016,Important security alert,We need to confirm your identity. Please provide your account details: https://account-security.com/verify,phishing,noreply242@suspicious-domain.com
2016-03-19 22:33:33.406703352,Reset your password now,Your package is ready for delivery. Track your shipment: http://tracking-express.com/package,phishing,noreply243@suspicious-domain.com
2016-03-21 18:24:18.729364680,Your package is waiting,"Dear valued customer, we have detected suspicious activity on your account. Please verify your identity by clicking the link below: http://secure-bank-verify.com/login",phishing,noreply244@suspicious-domain.com
2016-03-23 14:15:04.052026008,Reset your password now,Your account will be suspended unless you update your payment information immediately. Click here: https://paypal-secure.verify-account.com,phishing,noreply245@suspicious-domain.com
2016-03-25 10:05:49.374687344,Urgent: Verify your account,Your account will be suspended unless you update your payment information immediately. Click here: https://paypal-secure.verify-account.com,phishing,noreply246@suspicious-domain.com
2016-03-27 05:56:34.697348672,Reset your password now,Your account will be suspended unless you update your payment information immediately. Click here: https://paypal-secure.verify-account.com,phishing,noreply247@suspicious-domain.com
2016-03-29 01:47:20.020010000,Important security alert,We need to confirm your identity. Please provide your account details: https://account-security.com/verify,phishing,noreply248@suspicious-domain.com
2016-03-30 21:38:05.342671336,Urgent: Verify your account,Your package is ready for delivery. Track your shipment: http://tracking-express.com/package,phishing,noreply249@suspicious-domain.com
2016-04-01 17:28:50.665332664,Reset your password now,We need to confirm your identity. Please provide your account details: https://account-security.com/verify,phishing,noreply250@suspicious-domain.com
2016-04-03 13:19:35.987993992,Important security alert,Congratulations! You have been selected as a winner. Claim your prize now: http://prize-winner.net/claim,phishing,noreply251@suspicious-domain.com
2016-04-05 09:10:21.310655328,Your package is waiting,Your account will be suspended unless you update your payment information immediately. Click here: https://paypal-secure.verify-account.com,phishing,noreply252@suspicious-domain.com
2016-04-07 05:01:06.633316656,Reset your password now,Congratulations! You have been selected as a winner. Claim your prize now: http://prize-winner.net/claim,phishing,noreply253@suspicious-domain.com
2016-04-09 00:51:51.955977984,Important security alert,"Dear valued customer, we have detected suspicious activity on your account. Please verify your identity by clicking the link below: http://secure-bank-verify.com/login",phishing,noreply254@suspicious-domain.com
2016-04-10 20:42:37.278639320,Confirm your identity immediately,"Dear valued customer, we have detected suspicious activity on your account. Please verify your identity by clicking the link below: http://secure-bank-verify.com/login",phishing,noreply255@suspicious-domain.com
2016-04-12 16:33:22.601300648,Unusual activity detected,We need to confirm your identity. Please provide your account details: https://account-security.com/verify,phishing,noreply256@suspicious-domain.com
2016-04-14 12:24:07.923961976,Confirm your identity immediately,Your package is ready for delivery. Track your shipment: http://tracking-express.com/package,phishing,noreply257@suspicious-domain.com
2016-04-16 08:14:53.246623312,Unusual activity detected,Congratulations! You have been selected as a winner. Claim your prize now: http://prize-winner.net/claim,phishing,noreply258@suspicious-domain.com
2016-04-18 04:05:38.569284640,Your account has been compromised,Your package is ready for delivery. Track your shipment: http://tracking-express.com/package,phishing,noreply259@suspicious-domain.com
2016-04-19 23:56:23.891945968,Your account has been compromised,We need to confirm your identity. Please provide your account details: https://account-security.com/verify,phishing,noreply260@suspicious-domain.com
2016-04-21 19:47:09.214607304,Your account has been compromised,"Dear valued customer, we have detected suspicious activity on your account. Please verify your identity by clicking the link below: http://secure-bank-verify.com/login",phishing,noreply261@suspicious-domain.com
2016-04-23 15:37:54.537268632,Your package is waiting,Your package is ready for delivery. Track your shipment: http://tracking-express.com/package,phishing,noreply262@suspicious-domain.com
2016-04-25 11:28:39.859929960,Confirm your identity immediately,Your package is ready for delivery. Track your shipment: http://tracking-express.com/package,phishing,noreply263@suspicious-domain.com
2016-04-27 07:19:25.182591296,Unusual activity detected,"Dear valued customer, we have detected suspicious activity on your account. Please verify your identity by clicking the link below: http://secure-bank-verify.com/login",phishing,noreply264@suspicious-domain.com
2016-04-29 03:10:10.505252624,Important security alert,Congratulations! You have been selected as a winner. Claim your prize now: http://prize-winner.net/claim,phishing,noreply265@suspicious-domain.com
2016-04-30 23:00:55.827913952,Urgent: Verify your account,"Dear valued customer, we have detected suspicious activity on your account. Please verify your identity by clicking the link below: http://secure-bank-verify.com/login",phishing,noreply266@suspicious-domain.com
2016-05-02 18:51:41.150575288,Important security alert,Your package is ready for delivery. Track your shipment: http://tracking-express.com/package,phishing,noreply267@suspicious-domain.com
2016-05-04 14:42:26.473236616,Urgent: Verify your account,Congratulations! You have been selected as a winner. Claim your prize now: http://prize-winner.net/claim,phishing,noreply268@suspicious-domain.com
2016-05-06 10:33:11.795897944,Action required: Update payment information,Congratulations! You have been selected as a winner. Claim your prize now: http://prize-winner.net/claim,phishing,noreply269@suspicious-domain.com
2016-05-08 06:23:57.118559280,Important security alert,"Dear valued customer, we have detected suspicious activity on your account. Please verify your identity by clicking the link below: http://secure-bank-verify.com/login",phishing,noreply270@suspicious-domain.com
2016-05-10 02:14:42.441220608,Reset your password now,Your package is ready for delivery. Track your shipment: http://tracking-express.com/package,phishing,noreply271@suspicious-domain.com
2016-05-11 22:05:27.763881936,Reset your password now,We need to confirm your identity. Please provide your account details: https://account-security.com/verify,phishing,noreply272@suspicious-domain.com
2016-05-13 17:56:13.086543272,Congratulations! You've won,Your package is ready for delivery. Track your shipment: http://tracking-express.com/package,phishing,noreply273@suspicious-domain.com
2016-05-15 13:46:58.409204600,Confirm your identity immediately,Your account will be suspended unless you update your payment information immediately. Click here: https://paypal-secure.verify-account.com,phishing,noreply274@suspicious-domain.com
2016-05-17 09:37:43.731865928,Urgent: Verify your account,We need to confirm your identity. Please provide your account details: https://account-security.com/verify,phishing,noreply275@suspicious-domain.com
2016-05-19 05:28:29.054527264,Urgent: Verify your account,Congratulations! You have been selected as a winner. Claim your prize now: http://prize-winner.net/claim,phishing,noreply276@suspicious-domain.com
2016-05-21 01:19:14.377188592,Confirm your identity immediately,We need to confirm your identity. Please provide your account details: https://account-security.com/verify,phishing,noreply277@suspicious-domain.com
2016-05-22 21:09:59.699849920,Your package is waiting,Congratulations! You have been selected as a winner. Claim your prize now: http://prize-winner.net/claim,phishing,noreply278@suspicious-domain.com
2016-05-24 17:00:45.022511256,Congratulations! You've won,Congratulations! You have been selected as a winner. Claim your prize now: http://prize-winner.net/claim,phishing,noreply279@suspicious-domain.com
2016-05-26 12:51:30.345172584,Your package is waiting,We need to confirm your identity. Please provide your account details: https://account-security.com/verify,phishing,noreply280@suspicious-domain.com
2016-05-28 08:42:15.667833912,Your package is waiting,Congratulations! You have been selected as a winner. Claim your prize now: http://prize-winner.net/claim,phishing,noreply281@suspicious-domain.com
2016-05-30 04:33:00.990495248,Your package is waiting,Congratulations! You have been selected as a winner. Claim your prize now: http://prize-winner.net/claim,phishing,noreply282@suspicious-domain.com
2016-06-01 00:23:46.313156576,Confirm your identity immediately,Your account will be suspended unless you update your payment information immediately. Click here: https://paypal-secure.verify-account.com,phishing,noreply283@suspicious-domain.com
2016-06-02 20:14:31.635817904,Your package is waiting,Your package is ready for delivery. Track your shipment: http://tracking-express.com/package,phishing,noreply284@suspicious-domain.com
2016-06-04 16:05:16.958479240,Reset your password now,Your package is ready for delivery. Track your shipment: http://tracking-express.com/package,phishing,noreply285@suspicious-domain.com
2016-06-06 11:56:02.281140568,Your account has been compromised,Your account will be suspended unless you update your payment information immediately. Click here: https://paypal-secure.verify-account.com,phishing,noreply286@suspicious-domain.com
2016-06-08 07:46:47.603801896,Action required: Update payment information,We need to confirm your identity. Please provide your account details: https://account-security.com/verify,phishing,noreply287@suspicious-domain.com
2016-06-10 03:37:32.926463232,Urgent: Verify your account,"Dear valued customer, we have detected suspicious activity on your account. Please verify your identity by clicking the link below: http://secure-bank-verify.com/login",phishing,noreply288@suspicious-domain.com
2016-06-11 23:28:18.249124560,Urgent: Verify your account,"Dear valued customer, we have detected suspicious activity on your account. Please verify your identity by clicking the link below: http://secure-bank-verify.com/login",phishing,noreply289@suspicious-domain.com
2016-06-13 19:19:03.571785888,Action required: Update payment information,"Dear valued customer, we have detected suspicious activity on your account. Please verify your identity by clicking the link below: http://secure-bank-verify.com/login",phishing,noreply290@suspicious-domain.com
2016-06-15 15:09:48.894447224,Confirm your identity immediately,Your account will be suspended unless you update your payment information immediately. Click here: https://paypal-secure.verify-account.com,phishing,noreply291@suspicious-domain.com
2016-06-17 11:00:34.217108552,Important security alert,Your account will be suspended unless you update your payment information immediately. Click here: https://paypal-secure.verify-account.com,phishing,noreply292@suspicious-domain.com
2016-06-19 06:51:19.539769880,Confirm your identity immediately,Congratulations! You have been selected as a winner. Claim your prize now: http://prize-winner.net/claim,phishing,noreply293@suspicious-domain.com
2016-06-21 02:42:04.862431216,Urgent: Verify your account,"Dear valued customer, we have detected suspicious activity on your account. Please verify your identity by clicking the link below: http://secure-bank-verify.com/login",phishing,noreply294@suspicious-domain.com
2016-06-22 22:32:50.185092544,Urgent: Verify your account,We need to confirm your identity. Please provide your account details: https://account-security.com/verify,phishing,noreply295@suspicious-domain.com
2016-06-24 18:23:35.507753872,Action required: Update payment information,We need to confirm your identity. Please provide your account details: https://account-security.com/verify,phishing,noreply296@suspicious-domain.com
2016-06-26 14:14:20.830415208,Your package is waiting,"Dear valued customer, we have detected suspicious activity on your account. Please verify your identity by clicking the link below: http://secure-bank-verify.com/login",phishing,noreply297@suspicious-domain.com
2016-06-28 10:05:06.153076536,Confirm your identity immediately,"Dear valued customer, we have detected suspicious activity on your account. Please verify your identity by clicking the link below: http://secure-bank-verify.com/login",phishing,noreply298@suspicious-domain.com
2016-06-30 05:55:51.475737864,Unusual activity detected,"Dear valued customer, we have detected suspicious activity on your account. Please verify your identity by clicking the link below: http://secure-bank-verify.com/login",phishing,noreply299@suspicious-domain.com
2016-07-02 01:46:36.798399200,Action required: Update payment information,Your account will be suspended unless you update your payment information immediately. Click here: https://paypal-secure.verify-account.com,phishing,noreply300@suspicious-domain.com
2016-07-03 21:37:22.121060528,Reset your password now,Your account will be suspended unless you update your payment information immediately. Click here: https://paypal-secure.verify-account.com,phishing,noreply301@suspicious-domain.com
2016-07-05 17:28:07.443721856,Urgent: Verify your account,Your account will be suspended unless you update your payment information immediately. Click here: https://paypal-secure.verify-account.com,phishing,noreply302@suspicious-domain.com
2016-07-07 13:18:52.766383192,Action required: Update payment information,Your package is ready for delivery. Track your shipment: http://tracking-express.com/package,phishing,noreply303@suspicious-domain.com
2016-07-09 09:09:38.089044520,Confirm your identity immediately,We need to confirm your identity. Please provide your account details: https://account-security.com/verify,phishing,noreply304@suspicious-domain.com
2016-07-11 05:00:23.411705848,Urgent: Verify your account,We need to confirm your identity. Please provide your account details: https://account-security.com/verify,phishing,noreply305@suspicious-domain.com
2016-07-13 00:51:08.734367184,Important security alert,Congratulations! You have been selected as a winner. Claim your prize now: http://prize-winner.net/claim,phishing,noreply306@suspicious-domain.com
2016-07-14 20:41:54.057028512,Action required: Update payment information,Your account will be suspended unless you update your payment information immediately. Click here: https://paypal-secure.verify-account.com,phishing,noreply307@suspicious-domain.com
2016-07-16 16:32:39.379689840,Congratulations! You've won,Your package is ready for delivery. Track your shipment: http://tracking-express.com/package,phishing,noreply308@suspicious-domain.com
2016-07-18 12:23:24.702351176,Urgent: Verify your account,Your package is ready for delivery. Track your shipment: http://tracking-express.com/package,phishing,noreply309@suspicious-domain.com
2016-07-20 08:14:10.025012504,Confirm your identity immediately,We need to confirm your identity. Please provide your account details: https://account-security.com/verify,phishing,noreply310@suspicious-domain.com
2016-07-22 04:04:55.347673832,Your account has been compromised,Your account will be suspended unless you update your payment information immediately. Click here: https://paypal-secure.verify-account.com,phishing,noreply311@suspicious-domain.com
2016-07-23 23:55:40.670335168,Unusual activity detected,Congratulations! You have been selected as a winner. Claim your prize now: http://prize-winner.net/claim,phishing,noreply312@suspicious-domain.com
2016-07-25 19:46:25.992996496,Click here to claim your prize,Your account will be suspended unless you update your payment information immediately. Click here: https://paypal-secure.verify-account.com,phishing,noreply313@suspicious-domain.com
2016-07-27 15:37:11.315657824,Your package is waiting,"Dear valued customer, we have detected suspicious activity on your account. Please verify your identity by clicking the link below: http://secure-bank-verify.com/login",phishing,noreply314@suspicious-domain.com
2016-07-29 11:27:56.638319160,Click here to claim your prize,Your account will be suspended unless you update your payment information immediately. Click here: https://paypal-secure.verify-account.com,phishing,noreply315@suspicious-domain.com
2016-07-31 07:18:41.960980488,Confirm your identity immediately,"Dear valued customer, we have detected suspicious activity on your account. Please verify your identity by clicking the link below: http://secure-bank-verify.com/login",phishing,noreply316@suspicious-domain.com
2016-08-02 03:09:27.283641816,Reset your password now,"Dear valued customer, we have detected suspicious activity on your account. Please verify your identity by clicking the link below: http://secure-bank-verify.com/login",phishing,noreply317@suspicious-domain.com
2016-08-03 23:00:12.606303152,Reset your password now,Congratulations! You have been selected as a winner. Claim your prize now: http://prize-winner.net/claim,phishing,noreply318@suspicious-domain.com
2016-08-05 18:50:57.928964480,Your account has been compromised,We need to confirm your identity. Please provide your account details: https://account-security.com/verify,phishing,noreply319@suspicious-domain.com
2016-08-07 14:41:43.251625808,Your package is waiting,Your account will be suspended unless you update your payment information immediately. Click here: https://paypal-secure.verify-account.com,phishing,noreply320@suspicious-domain.com
2016-08-09 10:32:28.574287144,Congratulations! You've won,"Dear valued customer, we have detected suspicious activity on your account. Please verify your identity by clicking the link below: http://secure-bank-verify.com/login",phishing,noreply321@suspicious-domain.com
2016-08-11 06:23:13.896948472,Your account has been compromised,Your account will be suspended unless you update your payment information immediately. Click here: https://paypal-secure.verify-account.com,phishing,noreply322@suspicious-domain.com
2016-08-13 02:13:59.219609800,Click here to claim your prize,We need to confirm your identity. Please provide your account details: https://account-security.com/verify,phishing,noreply323@suspicious-domain.com
2016-08-14 22:04:44.542271136,Your account has been compromised,We need to confirm your identity. Please provide your account details: https://account-security.com/verify,phishing,noreply324@suspicious-domain.com
2016-08-16 17:55:29.864932464,Click here to claim your prize,Your package is ready for delivery. Track your shipment: http://tracking-express.com/package,phishing,noreply325@suspicious-domain.com
2016-08-18 13:46:15.187593792,Urgent: Verify your account,We need to confirm your identity. Please provide your account details: https://account-security.com/verify,phishing,noreply326@suspicious-domain.com
2016-08-20 09:37:00.510255128,Reset your password now,Congratulations! You have been selected as a winner. Claim your prize now: http://prize-winner.net/claim,phishing,noreply327@suspicious-domain.com
2016-08-22 05:27:45.832916456,Urgent: Verify your account,"Dear valued customer, we have detected suspicious activity on your account. Please verify your identity by clicking the link below: http://secure-bank-verify.com/login",phishing,noreply328@suspicious-domain.com
2016-08-24 01:18:31.155577784,Unusual activity detected,Your package is ready for delivery. Track your shipment: http://tracking-express.com/package,phishing,noreply329@suspicious-domain.com
2016-08-25 21:09:16.478239120,Your package is waiting,Congratulations! You have been selected as a winner. Claim your prize now: http://prize-winner.net/claim,phishing,noreply330@suspicious-domain.com
2016-08-27 17:00:01.800900448,Congratulations! You've won,Your account will be suspended unless you update your payment information immediately. Click here: https://paypal-secure.verify-account.com,phishing,noreply331@suspicious-domain.com
2016-08-29 12:50:47.123561776,Click here to claim your prize,"Dear valued customer, we have detected suspicious activity on your account. Please verify your identity by clicking the link below: http://secure-bank-verify.com/login",phishing,noreply332@suspicious-domain.com
2016-08-31 08:41:32.446223112,Congratulations! You've won,We need to confirm your identity. Please provide your account details: https://account-security.com/verify,phishing,noreply333@suspicious-domain.com
2016-09-02 04:32:17.768884440,Click here to claim your prize,"Dear valued customer, we have detected suspicious activity on your account. Please verify your identity by clicking the link below: http://secure-bank-verify.com/login",phishing,noreply334@suspicious-domain.com
2016-09-04 00:23:03.091545768,Confirm your identity immediately,Your account will be suspended unless you update your payment information immediately. Click here: https://paypal-secure.verify-account.com,phishing,noreply335@suspicious-domain.com
2016-09-05 20:13:48.414207104,Your account has been compromised,Your package is ready for delivery. Track your shipment: http://tracking-express.com/package,phishing,noreply336@suspicious-domain.com
2016-09-07 16:04:33.736868432,Unusual activity detected,Your package is ready for delivery. Track your shipment: http://tracking-express.com/package,phishing,noreply337@suspicious-domain.com
2016-09-09 11:55:19.059529760,Reset your password now,Your package is ready for delivery. Track your shipment: http://tracking-express.com/package,phishing,noreply338@suspicious-domain.com
2016-09-11 07:46:04.382191096,Click here to claim your prize,We need to confirm your identity. Please provide your account details: https://account-security.com/verify,phishing,noreply339@suspicious-domain.com
2016-09-13 03:36:49.704852424,Congratulations! You've won,Congratulations! You have been selected as a winner. Claim your prize now: http://prize-winner.net/claim,phishing,noreply340@suspicious-domain.com
2016-09-14 23:27:35.027513752,Unusual activity detected,Congratulations! You have been selected as a winner. Claim your prize now: http://prize-winner.net/claim,phishing,noreply341@suspicious-domain.com
2016-09-16 19:18:20.350175088,Important security alert,"Dear valued customer, we have detected suspicious activity on your account. Please verify your identity by clicking the link below: http://secure-bank-verify.com/login",phishing,noreply342@suspicious-domain.com
2016-09-18 15:09:05.672836416,Important security alert,We need to confirm your identity. Please provide your account details: https://account-security.com/verify,phishing,noreply343@suspicious-domain.com
2016-09-20 10:59:50.995497744,Urgent: Verify your account,Your package is ready for delivery. Track your shipment: http://tracking-express.com/package,phishing,noreply344@suspicious-domain.com
2016-09-22 06:50:36.318159080,Reset your password now,Your package is ready for delivery. Track your shipment: http://tracking-express.com/package,phishing,noreply345@suspicious-domain.com
2016-09-24 02:41:21.640820408,Confirm your identity immediately,Your account will be suspended unless you update your payment information immediately. Click here: https://paypal-secure.verify-account.com,phishing,noreply346@suspicious-domain.com
2016-09-25 22:32:06.963481736,Congratulations! You've won,Your account will be suspended unless you update your payment information immediately. Click here: https://paypal-secure.verify-account.com,phishing,noreply347@suspicious-domain.com
2016-09-27 18:22:52.286143072,Your account has been compromised,Your package is ready for delivery. Track your shipment: http://tracking-express.com/package,phishing,noreply348@suspicious-domain.com
2016-09-29 14:13:37.608804400,Your account has been compromised,Your package is ready for delivery. Track your shipment: http://tracking-express.com/package,phishing,noreply349@suspicious-domain.com
2016-10-01 10:04:22.931465728,Congratulations! You've won,We need to confirm your identity. Please provide your account details: https://account-security.com/verify,phishing,noreply350@suspicious-domain.com
2016-10-03 05:55:08.254127064,Your package is waiting,Congratulations! You have been selected as a winner. Claim your prize now: http://prize-winner.net/claim,phishing,noreply351@suspicious-domain.com
2016-10-05 01:45:53.576788392,Confirm your identity immediately,Your account will be suspended unless you update your payment information immediately. Click here: https://paypal-secure.verify-account.com,phishing,noreply352@suspicious-domain.com
2016-10-06 21:36:38.899449720,Unusual activity detected,Congratulations! You have been selected as a winner. Claim your prize now: http://prize-winner.net/claim,phishing,noreply353@suspicious-domain.com
2016-10-08 17:27:24.222111056,Click here to claim your prize,We need to confirm your identity. Please provide your account details: https://account-security.com/verify,phishing,noreply354@suspicious-domain.com
2016-10-10 13:18:09.544772384,Your package is waiting,Your package is ready for delivery. Track your shipment: http://tracking-express.com/package,phishing,noreply355@suspicious-domain.com
2016-10-12 09:08:54.867433712,Click here to claim your prize,Congratulations! You have been selected as a winner. Claim your prize now: http://prize-winner.net/claim,phishing,noreply356@suspicious-domain.com
2016-10-14 04:59:40.190095048,Click here to claim your prize,Your package is ready for delivery. Track your shipment: http://tracking-express.com/package,phishing,noreply357@suspicious-domain.com
2016-10-16 00:50:25.512756376,Your package is waiting,Your package is ready for delivery. Track your shipment: http://tracking-express.com/package,phishing,noreply358@suspicious-domain.com
2016-10-17 20:41:10.835417704,Urgent: Verify your account,"Dear valued customer, we have detected suspicious activity on your account. Please verify your identity by clicking the link below: http://secure-bank-verify.com/login",phishing,noreply359@suspicious-domain.com
2016-10-19 16:31:56.158079040,Important security alert,Congratulations! You have been selected as a winner. Claim your prize now: http://prize-winner.net/claim,phishing,noreply360@suspicious-domain.com
2016-10-21 12:22:41.480740368,Click here to claim your prize,Congratulations! You have been selected as a winner. Claim your prize now: http://prize-winner.net/claim,phishing,noreply361@suspicious-domain.com
2016-10-23 08:13:26.803401696,Your package is waiting,Your package is ready for delivery. Track your shipment: http://tracking-express.com/package,phishing,noreply362@suspicious-domain.com
2016-10-25 04:04:12.126063032,Your package is waiting,We need to confirm your identity. Please provide your account details: https://account-security.com/verify,phishing,noreply363@suspicious-domain.com
2016-10-26 23:54:57.448724360,Action required: Update payment information,"Dear valued customer, we have detected suspicious activity on your account. Please verify your identity by clicking the link below: http://secure-bank-verify.com/login",phishing,noreply364@suspicious-domain.com
2016-10-28 19:45:42.771385688,Urgent: Verify your account,Your package is ready for delivery. Track your shipment: http://tracking-express.com/package,phishing,noreply365@suspicious-domain.com
2016-10-30 15:36:28.094047024,Reset your password now,Your account will be suspended unless you update your payment information immediately. Click here: https://paypal-secure.verify-account.com,phishing,noreply366@suspicious-domain.com
2016-11-01 11:27:13.416708352,Action required: Update payment information,Your account will be suspended unless you update your payment information immediately. Click here: https://paypal-secure.verify-account.com,phishing,noreply367@suspicious-domain.com
2016-11-03 07:17:58.739369680,Action required: Update payment information,"Dear valued customer, we have detected suspicious activity on your account. Please verify your identity by clicking the link below: http://secure-bank-verify.com/login",phishing,noreply368@suspicious-domain.com
2016-11-05 03:08:44.062031016,Congratulations! You've won,We need to confirm your identity. Please provide your account details: https://account-security.com/verify,phishing,noreply369@suspicious-domain.com
2016-11-06 22:59:29.384692344,Important security alert,Your package is ready for delivery. Track your shipment: http://tracking-express.com/package,phishing,noreply370@suspicious-domain.com
2016-11-08 18:50:14.707353672,Your package is waiting,Congratulations! You have been selected as a winner. Claim your prize now: http://prize-winner.net/claim,phishing,noreply371@suspicious-domain.com
2016-11-10 14:41:00.030015008,Important security alert,"Dear valued customer, we have detected suspicious activity on your account. Please verify your identity by clicking the link below: http://secure-bank-verify.com/login",phishing,noreply372@suspicious-domain.com
2016-11-12 10:31:45.352676336,Confirm your identity immediately,We need to confirm your identity. Please provide your account details: https://account-security.com/verify,phishing,noreply373@suspicious-domain.com
2016-11-14 06:22:30.675337664,Congratulations! You've won,Congratulations! You have been selected as a winner. Claim your prize now: http://prize-winner.net/claim,phishing,noreply374@suspicious-domain.com
2016-11-16 02:13:15.997999000,Reset your password now,Your account will be suspended unless you update your payment information immediately. Click here: https://paypal-secure.verify-account.com,phishing,noreply375@suspicious-domain.com
2016-11-17 22:04:01.320660328,Important security alert,Your account will be suspended unless you update your payment information immediately. Click here: https://paypal-secure.verify-account.com,phishing,noreply376@suspicious-domain.com
2016-11-19 17:54:46.643321656,Your account has been compromised,Congratulations! You have been selected as a winner. Claim your prize now: http://prize-winner.net/claim,phishing,noreply377@suspicious-domain.com
2016-11-21 13:45:31.965982992,Click here to claim your prize,"Dear valued customer, we have detected suspicious activity on your account. Please verify your identity by clicking the link below: http://secure-bank-verify.com/login",phishing,noreply378@suspicious-domain.com
2016-11-23 09:36:17.288644320,Confirm your identity immediately,Your account will be suspended unless you update your payment information immediately. Click here: https://paypal-secure.verify-account.com,phishing,noreply379@suspicious-domain.com
2016-11-25 05:27:02.611305648,Urgent: Verify your account,Your package is ready for delivery. Track your shipment: http://tracking-express.com/package,phishing,noreply380@suspicious-domain.com
2016-11-27 01:17:47.933966984,Reset your password now,Congratulations! You have been selected as a winner. Claim your prize now: http://prize-winner.net/claim,phishing,noreply381@suspicious-domain.com
2016-11-28 21:08:33.256628312,Confirm your identity immediately,Congratulations! You have been selected as a winner. Claim your prize now: http://prize-winner.net/claim,phishing,noreply382@suspicious-domain.com
2016-11-30 16:59:18.579289640,Click here to claim your prize,Your account will be suspended unless you update your payment information immediately. Click here: https://paypal-secure.verify-account.com,phishing,noreply383@suspicious-domain.com
2016-12-02 12:50:03.901950976,Congratulations! You've won,"Dear valued customer, we have detected suspicious activity on your account. Please verify your identity by clicking the link below: http://secure-bank-verify.com/login",phishing,noreply384@suspicious-domain.com
2016-12-04 08:40:49.224612304,Click here to claim your prize,Your package is ready for delivery. Track your shipment: http://tracking-express.com/package,phishing,noreply385@suspicious-domain.com
2016-12-06 04:31:34.547273632,Action required: Update payment information,"Dear valued customer, we have detected suspicious activity on your account. Please verify your identity by clicking the link below: http://secure-bank-verify.com/login",phishing,noreply386@suspicious-domain.com
2016-12-08 00:22:19.869934960,Click here to claim your prize,We need to confirm your identity. Please provide your account details: https://account-security.com/verify,phishing,noreply387@suspicious-domain.com
2016-12-09 20:13:05.192596296,Action required: Update payment information,We need to confirm your identity. Please provide your account details: https://account-security.com/verify,phishing,noreply388@suspicious-domain.com
2016-12-11 16:03:50.515257624,Congratulations! You've won,Your account will be suspended unless you update your payment information immediately. Click here: https://paypal-secure.verify-account.com,phishing,noreply389@suspicious-domain.com
2016-12-13 11:54:35.837918952,Unusual activity detected,Your account will be suspended unless you update your payment information immediately. Click here: https://paypal-secure.verify-account.com,phishing,noreply390@suspicious-domain.com
2016-12-15 07:45:21.160580288,Action required: Update payment information,Your account will be suspended unless you update your payment information immediately. Click here: https://paypal-secure.verify-account.com,phishing,noreply391@suspicious-domain.com
2016-12-17 03:36:06.483241616,Urgent: Verify your account,We need to confirm your identity. Please provide your account details: https://account-security.com/verify,phishing,noreply392@suspicious-domain.com
2016-12-18 23:26:51.805902944,Click here to claim your prize,"Dear valued customer, we have detected suspicious activity on your account. Please verify your identity by clicking the link below: http://secure-bank-verify.com/login",phishing,noreply393@suspicious-domain.com
2016-12-20 19:17:37.128564280,Click here to claim your prize,"Dear valued customer, we have detected suspicious activity on your account. Please verify your identity by clicking the link below: http://secure-bank-verify.com/login",phishing,noreply394@suspicious-domain.com
2016-12-22 15:08:22.451225608,Urgent: Verify your account,Your account will be suspended unless you update your payment information immediately. Click here: https://paypal-secure.verify-account.com,phishing,noreply395@suspicious-domain.com
2016-12-24 10:59:07.773886936,Your account has been compromised,Your package is ready for delivery. Track your shipment: http://tracking-express.com/package,phishing,noreply396@suspicious-domain.com
2016-12-26 06:49:53.096548272,Your package is waiting,"Dear valued customer, we have detected suspicious activity on your account. Please verify your identity by clicking the link below: http://secure-bank-verify.com/login",phishing,noreply397@suspicious-domain.com
2016-12-28 02:40:38.419209600,Unusual activity detected,We need to confirm your identity. Please provide your account details: https://account-security.com/verify,phishing,noreply398@suspicious-domain.com
2016-12-29 22:31:23.741870928,Reset your password now,Congratulations! You have been selected as a winner. Claim your prize now: http://prize-winner.net/claim,phishing,noreply399@suspicious-domain.com
2016-12-31 18:22:09.064532264,Action required: Update payment information,Congratulations! You have been selected as a winner. Claim your prize now: http://prize-winner.net/claim,phishing,noreply400@suspicious-domain.com
2017-01-02 14:12:54.387193592,Urgent: Verify your account,Congratulations! You have been selected as a winner. Claim your prize now: http://prize-winner.net/claim,phishing,noreply401@suspicious-domain.com
2017-01-04 10:03:39.709854920,Congratulations! You've won,Your package is ready for delivery. Track your shipment: http://tracking-express.com/package,phishing,noreply402@suspicious-domain.com
2017-01-06 05:54:25.032516256,Action required: Update payment information,Your account will be suspended unless you update your payment information immediately. Click here: https://paypal-secure.verify-account.com,phishing,noreply403@suspicious-domain.com
2017-01-08 01:45:10.355177584,Your package is waiting,We need to confirm your identity. Please provide your account details: https://account-security.com/verify,phishing,noreply404@suspicious-domain.com
2017-01-09 21:35:55.677838912,Congratulations! You've won,Your package is ready for delivery. Track your shipment: http://tracking-express.com/package,phishing,noreply405@suspicious-domain.com
2017-01-11 17:26:41.000500248,Confirm your identity immediately,We need to confirm your identity. Please provide your account details: https://account-security.com/verify,phishing,noreply406@suspicious-domain.com
2017-01-13 13:17:26.323161576,Click here to claim your prize,We need to confirm your identity. Please provide your account details: https://account-security.com/verify,phishing,noreply407@suspicious-domain.com
2017-01-15 09:08:11.645822904,Confirm your identity immediately,Your account will be suspended unless you update your payment information immediately. Click here: https://paypal-secure.verify-account.com,phishing,noreply408@suspicious-domain.com
2017-01-17 04:58:56.968484240,Action required: Update payment information,Congratulations! You have been selected as a winner. Claim your prize now: http://prize-winner.net/claim,phishing,noreply409@suspicious-domain.com
2017-01-19 00:49:42.291145568,Your package is waiting,Your account will be suspended unless you update your payment information immediately. Click here: https://paypal-secure.verify-account.com,phishing,noreply410@suspicious-domain.com
2017-01-20 20:40:27.613806896,Unusual activity detected,Your package is ready for delivery. Track your shipment: http://tracking-express.com/package,phishing,noreply411@suspicious-domain.com
2017-01-22 16:31:12.936468232,Action required: Update payment information,Your package is ready for delivery. Track your shipment: http://tracking-express.com/package,phishing,noreply412@suspicious-domain.com
2017-01-24 12:21:58.259129560,Urgent: Verify your account,Your package is ready for delivery. Track your shipment: http://tracking-express.com/package,phishing,noreply413@suspicious-domain.com
2017-01-26 08:12:43.581790888,Important security alert,Your account will be suspended unless you update your payment information immediately. Click here: https://paypal-secure.verify-account.com,phishing,noreply414@suspicious-domain.com
2017-01-28 04:03:28.904452224,Action required: Update payment information,We need to confirm your identity. Please provide your account details: https://account-security.com/verify,phishing,noreply415@suspicious-domain.com
2017-01-29 23:54:14.227113552,Click here to claim your prize,We need to confirm your identity. Please provide your account details: https://account-security.com/verify,phishing,noreply416@suspicious-domain.com
2017-01-31 19:44:59.549774880,Click here to claim your prize,"Dear valued customer, we have detected suspicious activity on your account. Please verify your identity by clicking the link below: http://secure-bank-verify.com/login",phishing,noreply417@suspicious-domain.com
2017-02-02 15:35:44.872436216,Action required: Update payment information,Your package is ready for delivery. Track your shipment: http://tracking-express.com/package,phishing,noreply418@suspicious-domain.com
2017-02-04 11:26:30.195097544,Congratulations! You've won,We need to confirm your identity. Please provide your account details: https://account-security.com/verify,phishing,noreply419@suspicious-domain.com
2017-02-06 07:17:15.517758872,Important security alert,"Dear valued customer, we have detected suspicious activity on your account. Please verify your identity by clicking the link below: http://secure-bank-verify.com/login",phishing,noreply420@suspicious-domain.com
2017-02-08 03:08:00.840420208,Urgent: Verify your account,We need to confirm your identity. Please provide your account details: https://account-security.com/verify,phishing,noreply421@suspicious-domain.com
2017-02-09 22:58:46.163081536,Action required: Update payment information,Your package is ready for delivery. Track your shipment: http://tracking-express.com/package,phishing,noreply422@suspicious-domain.com
2017-02-11 18:49:31.485742864,Congratulations! You've won,Congratulations! You have been selected as a winner. Claim your prize now: http://prize-winner.net/claim,phishing,noreply423@suspicious-domain.com
2017-02-13 14:40:16.808404200,Click here to claim your prize,Your package is ready for delivery. Track your shipment: http://tracking-express.com/package,phishing,noreply424@suspicious-domain.com
2017-02-15 10:31:02.131065528,Click here to claim your prize,Your account will be suspended unless you update your payment information immediately. Click here: https://paypal-secure.verify-account.com,phishing,noreply425@suspicious-domain.com
2017-02-17 06:21:47.453726856,Your package is waiting,We need to confirm your identity. Please provide your account details: https://account-security.com/verify,phishing,noreply426@suspicious-domain.com
2017-02-19 02:12:32.776388192,Action required: Update payment information,We need to confirm your identity. Please provide your account details: https://account-security.com/verify,phishing,noreply427@suspicious-domain.com
2017-02-20 22:03:18.099049520,Important security alert,Your account will be suspended unless you update your payment information immediately. Click here: https://paypal-secure.verify-account.com,phishing,noreply428@suspicious-domain.com
2017-02-22 17:54:03.421710848,Your account has been compromised,Your account will be suspended unless you update your payment information immediately. Click here: https://paypal-secure.verify-account.com,phishing,noreply429@suspicious-domain.com
2017-02-24 13:44:48.744372184,Important security alert,Congratulations! You have been selected as a winner. Claim your prize now: http://prize-winner.net/claim,phishing,noreply430@suspicious-domain.com
2017-02-26 09:35:34.067033512,Click here to claim your prize,We need to confirm your identity. Please provide your account details: https://account-security.com/verify,phishing,noreply431@suspicious-domain.com
2017-02-28 05:26:19.389694840,Click here to claim your prize,We need to confirm your identity. Please provide your account details: https://account-security.com/verify,phishing,noreply432@suspicious-domain.com
2017-03-02 01:17:04.712356176,Confirm your identity immediately,Congratulations! You have been selected as a winner. Claim your prize now: http://prize-winner.net/claim,phishing,noreply433@suspicious-domain.com
2017-03-03 21:07:50.035017504,Click here to claim your prize,"Dear valued customer, we have detected suspicious activity on your account. Please verify your identity by clicking the link below: http://secure-bank-verify.com/login",phishing,noreply434@suspicious-domain.com
2017-03-05 16:58:35.357678832,Urgent: Verify your account,Congratulations! You have been selected as a winner. Claim your prize now: http://prize-winner.net/claim,phishing,noreply435@suspicious-domain.com
2017-03-07 12:49:20.680340168,Reset your password now,Your package is ready for delivery. Track your shipment: http://tracking-express.com/package,phishing,noreply436@suspicious-domain.com
2017-03-09 08:40:06.003001496,Action required: Update payment information,We need to confirm your identity. Please provide your account details: https://account-security.com/verify,phishing,noreply437@suspicious-domain.com
2017-03-11 04:30:51.325662824,Important security alert,Your account will be suspended unless you update your payment information immediately. Click here: https://paypal-secure.verify-account.com,phishing,noreply438@suspicious-domain.com
2017-03-13 00:21:36.648324160,Reset your password now,Your package is ready for delivery. Track your shipment: http://tracking-express.com/package,phishing,noreply439@suspicious-domain.com
2017-03-14 20:12:21.970985488,Congratulations! You've won,We need to confirm your identity. Please provide your account details: https://account-security.com/verify,phishing,noreply440@suspicious-domain.com
2017-03-16 16:03:07.293646816,Your account has been compromised,Congratulations! You have been selected as a winner. Claim your prize now: http://prize-winner.net/claim,phishing,noreply441@suspicious-domain.com
2017-03-18 11:53:52.616308152,Urgent: Verify your account,Your package is ready for delivery. Track your shipment: http://tracking-express.com/package,phishing,noreply442@suspicious-domain.com
2017-03-20 07:44:37.938969480,Important security alert,We need to confirm your identity. Please provide your account details: https://account-security.com/verify,phishing,noreply443@suspicious-domain.com
2017-03-22 03:35:23.261630808,Reset your password now,"Dear valued customer, we have detected suspicious activity on your account. Please verify your identity by clicking the link below: http://secure-bank-verify.com/login",phishing,noreply444@suspicious-domain.com
2017-03-23 23:26:08.584292144,Your account has been compromised,"Dear valued customer, we have detected suspicious activity on your account. Please verify your identity by clicking the link below: http://secure-bank-verify.com/login",phishing,noreply445@suspicious-domain.com
2017-03-25 19:16:53.906953472,Confirm your identity immediately,Your account will be suspended unless you update your payment information immediately. Click here: https://paypal-secure.verify-account.com,phishing,noreply446@suspicious-domain.com
2017-03-27 15:07:39.229614800,Urgent: Verify your account,We need to confirm your identity. Please provide your account details: https://account-security.com/verify,phishing,noreply447@suspicious-domain.com
2017-03-29 10:58:24.552276136,Urgent: Verify your account,"Dear valued customer, we have detected suspicious activity on your account. Please verify your identity by clicking the link below: http://secure-bank-verify.com/login",phishing,noreply448@suspicious-domain.com
2017-03-31 06:49:09.874937464,Confirm your identity immediately,Congratulations! You have been selected as a winner. Claim your prize now: http://prize-winner.net/claim,phishing,noreply449@suspicious-domain.com
2017-04-02 02:39:55.197598792,Action required: Update payment information,We need to confirm your identity. Please provide your account details: https://account-security.com/verify,phishing,noreply450@suspicious-domain.com
2017-04-03 22:30:40.520260128,Confirm your identity immediately,Congratulations! You have been selected as a winner. Claim your prize now: http://prize-winner.net/claim,phishing,noreply451@suspicious-domain.com
2017-04-05 18:21:25.842921456,Urgent: Verify your account,Congratulations! You have been selected as a winner. Claim your prize now: http://prize-winner.net/claim,phishing,noreply452@suspicious-domain.com
2017-04-07 14:12:11.165582784,Urgent: Verify your account,"Dear valued customer, we have detected suspicious activity on your account. Please verify your identity by clicking the link below: http://secure-bank-verify.com/login",phishing,noreply453@suspicious-domain.com
2017-04-09 10:02:56.488244120,Reset your password now,We need to confirm your identity. Please provide your account details: https://account-security.com/verify,phishing,noreply454@suspicious-domain.com
2017-04-11 05:53:41.810905448,Click here to claim your prize,Your package is ready for delivery. Track your shipment: http://tracking-express.com/package,phishing,noreply455@suspicious-domain.com
2017-04-13 01:44:27.133566776,Your account has been compromised,"Dear valued customer, we have detected suspicious activity on your account. Please verify your identity by clicking the link below: http://secure-bank-verify.com/login",phishing,noreply456@suspicious-domain.com
2017-04-14 21:35:12.456228112,Confirm your identity immediately,"Dear valued customer, we have detected suspicious activity on your account. Please verify your identity by clicking the link below: http://secure-bank-verify.com/login",phishing,noreply457@suspicious-domain.com
2017-04-16 17:25:57.778889440,Your account has been compromised,We need to confirm your identity. Please provide your account details: https://account-security.com/verify,phishing,noreply458@suspicious-domain.com
2017-04-18 13:16:43.101550768,Confirm your identity immediately,We need to confirm your identity. Please provide your account details: https://account-security.com/verify,phishing,noreply459@suspicious-domain.com
2017-04-20 09:07:28.424212096,Congratulations! You've won,Congratulations! You have been selected as a winner. Claim your prize now: http://prize-winner.net/claim,phishing,noreply460@suspicious-domain.com
2017-04-22 04:58:13.746873440,Urgent: Verify your account,We need to confirm your identity. Please provide your account details: https://account-security.com/verify,phishing,noreply461@suspicious-domain.com
2017-04-24 00:48:59.069534768,Click here to claim your prize,Congratulations! You have been selected as a winner. Claim your prize now: http://prize-winner.net/claim,phishing,noreply462@suspicious-domain.com
2017-04-25 20:39:44.392196096,Reset your password now,"Dear valued customer, we have detected suspicious activity on your account. Please verify your identity by clicking the link below: http://secure-bank-verify.com/login",phishing,noreply463@suspicious-domain.com
2017-04-27 16:30:29.714857424,Click here to claim your prize,Your account will be suspended unless you update your payment information immediately. Click here: https://paypal-secure.verify-account.com,phishing,noreply464@suspicious-domain.com
2017-04-29 12:21:15.037518752,Click here to claim your prize,Your package is ready for delivery. Track your shipment: http://tracking-express.com/package,phishing,noreply465@suspicious-domain.com
2017-05-01 08:12:00.360180080,Click here to claim your prize,"Dear valued customer, we have detected suspicious activity on your account. Please verify your identity by clicking the link below: http://secure-bank-verify.com/login",phishing,noreply466@suspicious-domain.com
2017-05-03 04:02:45.682841424,Your account has been compromised,We need to confirm your identity. Please provide your account details: https://account-security.com/verify,phishing,noreply467@suspicious-domain.com
2017-05-04 23:53:31.005502752,Confirm your identity immediately,Your package is ready for delivery. Track your shipment: http://tracking-express.com/package,phishing,noreply468@suspicious-domain.com
2017-05-06 19:44:16.328164080,Unusual activity detected,Your account will be suspended unless you update your payment information immediately. Click here: https://paypal-secure.verify-account.com,phishing,noreply469@suspicious-domain.com
2017-05-08 15:35:01.650825408,Congratulations! You've won,Your account will be suspended unless you update your payment information immediately. Click here: https://paypal-secure.verify-account.com,phishing,noreply470@suspicious-domain.com
2017-05-10 11:25:46.973486736,Important security alert,Congratulations! You have been selected as a winner. Claim your prize now: http://prize-winner.net/claim,phishing,noreply471@suspicious-domain.com
2017-05-12 07:16:32.296148064,Click here to claim your prize,Your package is ready for delivery. Track your shipment: http://tracking-express.com/package,phishing,noreply472@suspicious-domain.com
2017-05-14 03:07:17.618809408,Action required: Update payment information,Congratulations! You have been selected as a winner. Claim your prize now: http://prize-winner.net/claim,phishing,noreply473@suspicious-domain.com
2017-05-15 22:58:02.941470736,Your account has been compromised,"Dear valued customer, we have detected suspicious activity on your account. Please verify your identity by clicking the link below: http://secure-bank-verify.com/login",phishing,noreply474@suspicious-domain.com
2017-05-17 18:48:48.264132064,Reset your password now,Your package is ready for delivery. Track your shipment: http://tracking-express.com/package,phishing,noreply475@suspicious-domain.com
2017-05-19 14:39:33.586793392,Important security alert,"Dear valued customer, we have detected suspicious activity on your account. Please verify your identity by clicking the link below: http://secure-bank-verify.com/login",phishing,noreply476@suspicious-domain.com
2017-05-21 10:30:18.909454720,Unusual activity detected,Congratulations! You have been selected as a winner. Claim your prize now: http://prize-winner.net/claim,phishing,noreply477@suspicious-domain.com
2017-05-23 06:21:04.232116048,Action required: Update payment information,Your package is ready for delivery. Track your shipment: http://tracking-express.com/package,phishing,noreply478@suspicious-domain.com
2017-05-25 02:11:49.554777392,Unusual activity detected,Congratulations! You have been selected as a winner. Claim your prize now: http://prize-winner.net/claim,phishing,noreply479@suspicious-domain.com
2017-05-26 22:02:34.877438720,Important security alert,Your package is ready for delivery. Track your shipment: http://tracking-express.com/package,phishing,noreply480@suspicious-domain.com
2017-05-28 17:53:20.200100048,Click here to claim your prize,Congratulations! You have been selected as a winner. Claim your prize now: http://prize-winner.net/claim,phishing,noreply481@suspicious-domain.com
2017-05-30 13:44:05.522761376,Action required: Update payment information,Your account will be suspended unless you update your payment information immediately. Click here: https://paypal-secure.verify-account.com,phishing,noreply482@suspicious-domain.com
2017-06-01 09:34:50.845422704,Unusual activity detected,Congratulations! You have been selected as a winner. Claim your prize now: http://prize-winner.net/claim,phishing,noreply483@suspicious-domain.com
2017-06-03 05:25:36.168084032,Reset your password now,Your account will be suspended unless you update your payment information immediately. Click here: https://paypal-secure.verify-account.com,phishing,noreply484@suspicious-domain.com
2017-06-05 01:16:21.490745376,Confirm your identity immediately,Congratulations! You have been selected as a winner. Claim your prize now: http://prize-winner.net/claim,phishing,noreply485@suspicious-domain.com
2017-06-06 21:07:06.813406704,Urgent: Verify your account,Your package is ready for delivery. Track your shipment: http://tracking-express.com/package,phishing,noreply486@suspicious-domain.com
2017-06-08 16:57:52.136068032,Confirm your identity immediately,Your package is ready for delivery. Track your shipment: http://tracking-express.com/package,phishing,noreply487@suspicious-domain.com
2017-06-10 12:48:37.458729360,Important security alert,Your package is ready for delivery. Track your shipment: http://tracking-express.com/package,phishing,noreply488@suspicious-domain.com
2017-06-12 08:39:22.781390688,Your account has been compromised,We need to confirm your identity. Please provide your account details: https://account-security.com/verify,phishing,noreply489@suspicious-domain.com
2017-06-14 04:30:08.104052016,Urgent: Verify your account,"Dear valued customer, we have detected suspicious activity on your account. Please verify your identity by clicking the link below: http://secure-bank-verify.com/login",phishing,noreply490@suspicious-domain.com
2017-06-16 00:20:53.426713360,Congratulations! You've won,Your package is ready for delivery. Track your shipment: http://tracking-express.com/package,phishing,noreply491@suspicious-domain.com
2017-06-17 20:11:38.749374688,Reset your password now,Your account will be suspended unless you update your payment information immediately. Click here: https://paypal-secure.verify-account.com,phishing,noreply492@suspicious-domain.com
2017-06-19 16:02:24.072036016,Congratulations! You've won,Your package is ready for delivery. Track your shipment: http://tracking-express.com/package,phishing,noreply493@suspicious-domain.com
2017-06-21 11:53:09.394697344,Action required: Update payment information,We need to confirm your identity. Please provide your account details: https://account-security.com/verify,phishing,noreply494@suspicious-domain.com
2017-06-23 07:43:54.717358672,Urgent: Verify your account,Your account will be suspended unless you update your payment information immediately. Click here: https://paypal-secure.verify-account.com,phishing,noreply495@suspicious-domain.com
2017-06-25 03:34:40.040020000,Congratulations! You've won,We need to confirm your identity. Please provide your account details: https://account-security.com/verify,phishing,noreply496@suspicious-domain.com
2017-06-26 23:25:25.362681344,Congratulations! You've won,Your account will be suspended unless you update your payment information immediately. Click here: https://paypal-secure.verify-account.com,phishing,noreply497@suspicious-domain.com
2017-06-28 19:16:10.685342672,Unusual activity detected,Congratulations! You have been selected as a winner. Claim your prize now: http://prize-winner.net/claim,phishing,noreply498@suspicious-domain.com
2017-06-30 15:06:56.008004000,Confirm your identity immediately,"Dear valued customer, we have detected suspicious activity on your account. Please verify your identity by clicking the link below: http://secure-bank-verify.com/login",phishing,noreply499@suspicious-domain.com
2017-07-02 10:57:41.330665328,Unusual activity detected,"Dear valued customer, we have detected suspicious activity on your account. Please verify your identity by clicking the link below: http://secure-bank-verify.com/login",phishing,noreply500@suspicious-domain.com
2017-07-04 06:48:26.653326656,Urgent: Verify your account,We need to confirm your identity. Please provide your account details: https://account-security.com/verify,phishing,noreply501@suspicious-domain.com
2017-07-06 02:39:11.975987984,Urgent: Verify your account,"Dear valued customer, we have detected suspicious activity on your account. Please verify your identity by clicking the link below: http://secure-bank-verify.com/login",phishing,noreply502@suspicious-domain.com
2017-07-07 22:29:57.298649328,Important security alert,We need to confirm your identity. Please provide your account details: https://account-security.com/verify,phishing,noreply503@suspicious-domain.com
2017-07-09 18:20:42.621310656,Unusual activity detected,We need to confirm your identity. Please provide your account details: https://account-security.com/verify,phishing,noreply504@suspicious-domain.com
2017-07-11 14:11:27.943971984,Your package is waiting,We need to confirm your identity. Please provide your account details: https://account-security.com/verify,phishing,noreply505@suspicious-domain.com
2017-07-13 10:02:13.266633312,Confirm your identity immediately,"Dear valued customer, we have detected suspicious activity on your account. Please verify your identity by clicking the link below: http://secure-bank-verify.com/login",phishing,noreply506@suspicious-domain.com
2017-07-15 05:52:58.589294640,Urgent: Verify your account,We need to confirm your identity. Please provide your account details: https://account-security.com/verify,phishing,noreply507@suspicious-domain.com
2017-07-17 01:43:43.911955968,Important security alert,"Dear valued customer, we have detected suspicious activity on your account. Please verify your identity by clicking the link below: http://secure-bank-verify.com/login",phishing,noreply508@suspicious-domain.com
2017-07-18 21:34:29.234617312,Unusual activity detected,We need to confirm your identity. Please provide your account details: https://account-security.com/verify,phishing,noreply509@suspicious-domain.com
2017-07-20 17:25:14.557278640,Confirm your identity immediately,Your package is ready for delivery. Track your shipment: http://tracking-express.com/package,phishing,noreply510@suspicious-domain.com
2017-07-22 13:15:59.879939968,Unusual activity detected,We need to confirm your identity. Please provide your account details: https://account-security.com/verify,phishing,noreply511@suspicious-domain.com
2017-07-24 09:06:45.202601296,Congratulations! You've won,Your account will be suspended unless you update your payment information immediately. Click here: https://paypal-secure.verify-account.com,phishing,noreply512@suspicious-domain.com
2017-07-26 04:57:30.525262624,Important security alert,We need to confirm your identity. Please provide your account details: https://account-security.com/verify,phishing,noreply513@suspicious-domain.com
2017-07-28 00:48:15.847923952,Confirm your identity immediately,Congratulations! You have been selected as a winner. Claim your prize now: http://prize-winner.net/claim,phishing,noreply514@suspicious-domain.com
2017-07-29 20:39:01.170585280,Click here to claim your prize,We need to confirm your identity. Please provide your account details: https://account-security.com/verify,phishing,noreply515@suspicious-domain.com
2017-07-31 16:29:46.493246624,Action required: Update payment information,Your account will be suspended unless you update your payment information immediately. Click here: https://paypal-secure.verify-account.com,phishing,noreply516@suspicious-domain.com
2017-08-02 12:20:31.815907952,Action required: Update payment information,Your account will be suspended unless you update your payment information immediately. Click here: https://paypal-secure.verify-account.com,phishing,noreply517@suspicious-domain.com
2017-08-04 08:11:17.138569280,Confirm your identity immediately,"Dear valued customer, we have detected suspicious activity on your account. Please verify your identity by clicking the link below: http://secure-bank-verify.com/login",phishing,noreply518@suspicious-domain.com
2017-08-06 04:02:02.461230608,Unusual activity detected,Your package is ready for delivery. Track your shipment: http://tracking-express.com/package,phishing,noreply519@suspicious-domain.com
2017-08-07 23:52:47.783891936,Important security alert,We need to confirm your identity. Please provide your account details: https://account-security.com/verify,phishing,noreply520@suspicious-domain.com
2017-08-09 19:43:33.106553264,Action required: Update payment information,"Dear valued customer, we have detected suspicious activity on your account. Please verify your identity by clicking the link below: http://secure-bank-verify.com/login",phishing,noreply521@suspicious-domain.com
2017-08-11 15:34:18.429214608,Important security alert,Your package is ready for delivery. Track your shipment: http://tracking-express.com/package,phishing,noreply522@suspicious-domain.com
2017-08-13 11:25:03.751875936,Action required: Update payment information,We need to confirm your identity. Please provide your account details: https://account-security.com/verify,phishing,noreply523@suspicious-domain.com
2017-08-15 07:15:49.074537264,Congratulations! You've won,Congratulations! You have been selected as a winner. Claim your prize now: http://prize-winner.net/claim,phishing,noreply524@suspicious-domain.com
2017-08-17 03:06:34.397198592,Unusual activity detected,We need to confirm your identity. Please provide your account details: https://account-security.com/verify,phishing,noreply525@suspicious-domain.com
2017-08-18 22:57:19.719859920,Congratulations! You've won,Your account will be suspended unless you update your payment information immediately. Click here: https://paypal-secure.verify-account.com,phishing,noreply526@suspicious-domain.com
2017-08-20 18:48:05.042521248,Action required: Update payment information,Your account will be suspended unless you update your payment information immediately. Click here: https://paypal-secure.verify-account.com,phishing,noreply527@suspicious-domain.com
2017-08-22 14:38:50.365182592,Click here to claim your prize,Congratulations! You have been selected as a winner. Claim your prize now: http://prize-winner.net/claim,phishing,noreply528@suspicious-domain.com
2017-08-24 10:29:35.687843920,Click here to claim your prize,"Dear valued customer, we have detected suspicious activity on your account. Please verify your identity by clicking the link below: http://secure-bank-verify.com/login",phishing,noreply529@suspicious-domain.com
2017-08-26 06:20:21.010505248,Congratulations! You've won,Your package is ready for delivery. Track your shipment: http://tracking-express.com/package,phishing,noreply530@suspicious-domain.com
2017-08-28 02:11:06.333166576,Click here to claim your prize,We need to confirm your identity. Please provide your account details: https://account-security.com/verify,phishing,noreply531@suspicious-domain.com
2017-08-29 22:01:51.655827904,Action required: Update payment information,Your account will be suspended unless you update your payment information immediately. Click here: https://paypal-secure.verify-account.com,phishing,noreply532@suspicious-domain.com
2017-08-31 17:52:36.978489232,Confirm your identity immediately,"Dear valued customer, we have detected suspicious activity on your account. Please verify your identity by clicking the link below: http://secure-bank-verify.com/login",phishing,noreply533@suspicious-domain.com
2017-09-02 13:43:22.301150576,Congratulations! You've won,Congratulations! You have been selected as a winner. Claim your prize now: http://prize-winner.net/claim,phishing,noreply534@suspicious-domain.com
2017-09-04 09:34:07.623811904,Your account has been compromised,Your account will be suspended unless you update your payment information immediately. Click here: https://paypal-secure.verify-account.com,phishing,noreply535@suspicious-domain.com
2017-09-06 05:24:52.946473232,Unusual activity detected,Congratulations! You have been selected as a winner. Claim your prize now: http://prize-winner.net/claim,phishing,noreply536@suspicious-domain.com
2017-09-08 01:15:38.269134560,Click here to claim your prize,We need to confirm your identity. Please provide your account details: https://account-security.com/verify,phishing,noreply537@suspicious-domain.com
2017-09-09 21:06:23.591795888,Click here to claim your prize,Your package is ready for delivery. Track your shipment: http://tracking-express.com/package,phishing,noreply538@suspicious-domain.com
2017-09-11 16:57:08.914457216,Urgent: Verify your account,Your account will be suspended unless you update your payment information immediately. Click here: https://paypal-secure.verify-account.com,phishing,noreply539@suspicious-domain.com
2017-09-13 12:47:54.237118560,Your package is waiting,Your account will be suspended unless you update your payment information immediately. Click here: https://paypal-secure.verify-account.com,phishing,noreply540@suspicious-domain.com
2017-09-15 08:38:39.559779888,Congratulations! You've won,We need to confirm your identity. Please provide your account details: https://account-security.com/verify,phishing,noreply541@suspicious-domain.com
2017-09-17 04:29:24.882441216,Reset your password now,"Dear valued customer, we have detected suspicious activity on your account. Please verify your identity by clicking the link below: http://secure-bank-verify.com/login",phishing,noreply542@suspicious-domain.com
2017-09-19 00:20:10.205102544,Click here to claim your prize,Your package is ready for delivery. Track your shipment: http://tracking-express.com/package,phishing,noreply543@suspicious-domain.com
2017-09-20 20:10:55.527763872,Unusual activity detected,Your account will be suspended unless you update your payment information immediately. Click here: https://paypal-secure.verify-account.com,phishing,noreply544@suspicious-domain.com
2017-09-22 16:01:40.850425200,Your account has been compromised,Your package is ready for delivery. Track your shipment: http://tracking-express.com/package,phishing,noreply545@suspicious-domain.com
2017-09-24 11:52:26.173086544,Click here to claim your prize,Your account will be suspended unless you update your payment information immediately. Click here: https://paypal-secure.verify-account.com,phishing,noreply546@suspicious-domain.com
2017-09-26 07:43:11.495747872,Your account has been compromised,Your package is ready for delivery. Track your shipment: http://tracking-express.com/package,phishing,noreply547@suspicious-domain.com
2017-09-28 03:33:56.818409200,Action required: Update payment information,Congratulations! You have been selected as a winner. Claim your prize now: http://prize-winner.net/claim,phishing,noreply548@suspicious-domain.com
2017-09-29 23:24:42.141070528,Action required: Update payment information,Your account will be suspended unless you update your payment information immediately. Click here: https://paypal-secure.verify-account.com,phishing,noreply549@suspicious-domain.com
2017-10-01 19:15:27.463731856,Your package is waiting,Your package is ready for delivery. Track your shipment: http://tracking-express.com/package,phishing,noreply550@suspicious-domain.com
2017-10-03 15:06:12.786393184,Confirm your identity immediately,"Dear valued customer, we have detected suspicious activity on your account. Please verify your identity by clicking the link below: http://secure-bank-verify.com/login",phishing,noreply551@suspicious-domain.com
2017-10-05 10:56:58.109054528,Reset your password now,Congratulations! You have been selected as a winner. Claim your prize now: http://prize-winner.net/claim,phishing,noreply552@suspicious-domain.com
2017-10-07 06:47:43.431715856,Urgent: Verify your account,Congratulations! You have been selected as a winner. Claim your prize now: http://prize-winner.net/claim,phishing,noreply553@suspicious-domain.com
2017-10-09 02:38:28.754377184,Your package is waiting,"Dear valued customer, we have detected suspicious activity on your account. Please verify your identity by clicking the link below: http://secure-bank-verify.com/login",phishing,noreply554@suspicious-domain.com
2017-10-10 22:29:14.077038512,Important security alert,Your package is ready for delivery. Track your shipment: http://tracking-express.com/package,phishing,noreply555@suspicious-domain.com
2017-10-12 18:19:59.399699840,Urgent: Verify your account,We need to confirm your identity. Please provide your account details: https://account-security.com/verify,phishing,noreply556@suspicious-domain.com
2017-10-14 14:10:44.722361168,Congratulations! You've won,"Dear valued customer, we have detected suspicious activity on your account. Please verify your identity by clicking the link below: http://secure-bank-verify.com/login",phishing,noreply557@suspicious-domain.com
2017-10-16 10:01:30.045022512,Unusual activity detected,Your package is ready for delivery. Track your shipment: http://tracking-express.com/package,phishing,noreply558@suspicious-domain.com
2017-10-18 05:52:15.367683840,Important security alert,"Dear valued customer, we have detected suspicious activity on your account. Please verify your identity by clicking the link below: http://secure-bank-verify.com/login",phishing,noreply559@suspicious-domain.com
2017-10-20 01:43:00.690345168,Important security alert,"Dear valued customer, we have detected suspicious activity on your account. Please verify your identity by clicking the link below: http://secure-bank-verify.com/login",phishing,noreply560@suspicious-domain.com
2017-10-21 21:33:46.013006496,Your package is waiting,Your account will be suspended unless you update your payment information immediately. Click here: https://paypal-secure.verify-account.com,phishing,noreply561@suspicious-domain.com
2017-10-23 17:24:31.335667824,Confirm your identity immediately,Your package is ready for delivery. Track your shipment: http://tracking-express.com/package,phishing,noreply562@suspicious-domain.com
2017-10-25 13:15:16.658329152,Your package is waiting,We need to confirm your identity. Please provide your account details: https://account-security.com/verify,phishing,noreply563@suspicious-domain.com
2017-10-27 09:06:01.980990496,Congratulations! You've won,Your account will be suspended unless you update your payment information immediately. Click here: https://paypal-secure.verify-account.com,phishing,noreply564@suspicious-domain.com
2017-10-29 04:56:47.303651824,Click here to claim your prize,"Dear valued customer, we have detected suspicious activity on your account. Please verify your identity by clicking the link below: http://secure-bank-verify.com/login",phishing,noreply565@suspicious-domain.com
2017-10-31 00:47:32.626313152,Click here to claim your prize,"Dear valued customer, we have detected suspicious activity on your account. Please verify your identity by clicking the link below: http://secure-bank-verify.com/login",phishing,noreply566@suspicious-domain.com
2017-11-01 20:38:17.948974480,Confirm your identity immediately,"Dear valued customer, we have detected suspicious activity on your account. Please verify your identity by clicking the link below: http://secure-bank-verify.com/login",phishing,noreply567@suspicious-domain.com
2017-11-03 16:29:03.271635808,Congratulations! You've won,Your package is ready for delivery. Track your shipment: http://tracking-express.com/package,phishing,noreply568@suspicious-domain.com
2017-11-05 12:19:48.594297136,Confirm your identity immediately,Your package is ready for delivery. Track your shipment: http://tracking-express.com/package,phishing,noreply569@suspicious-domain.com
2017-11-07 08:10:33.916958480,Your account has been compromised,Your account will be suspended unless you update your payment information immediately. Click here: https://paypal-secure.verify-account.com,phishing,noreply570@suspicious-domain.com
2017-11-09 04:01:19.239619808,Click here to claim your prize,We need to confirm your identity. Please provide your account details: https://account-security.com/verify,phishing,noreply571@suspicious-domain.com
2017-11-10 23:52:04.562281136,Important security alert,Your account will be suspended unless you update your payment information immediately. Click here: https://paypal-secure.verify-account.com,phishing,noreply572@suspicious-domain.com
2017-11-12 19:42:49.884942464,Reset your password now,Congratulations! You have been selected as a winner. Claim your prize now: http://prize-winner.net/claim,phishing,noreply573@suspicious-domain.com
2017-11-14 15:33:35.207603792,Unusual activity detected,"Dear valued customer, we have detected suspicious activity on your account. Please verify your identity by clicking the link below: http://secure-bank-verify.com/login",phishing,noreply574@suspicious-domain.com
2017-11-16 11:24:20.530265120,Congratulations! You've won,"Dear valued customer, we have detected suspicious activity on your account. Please verify your identity by clicking the link below: http://secure-bank-verify.com/login",phishing,noreply575@suspicious-domain.com
2017-11-18 07:15:05.852926464,Urgent: Verify your account,"Dear valued customer, we have detected suspicious activity on your account. Please verify your identity by clicking the link below: http://secure-bank-verify.com/login",phishing,noreply576@suspicious-domain.com
2017-11-20 03:05:51.175587792,Confirm your identity immediately,Your account will be suspended unless you update your payment information immediately. Click here: https://paypal-secure.verify-account.com,phishing,noreply577@suspicious-domain.com
2017-11-21 22:56:36.498249120,Unusual activity detected,Your account will be suspended unless you update your payment information immediately. Click here: https://paypal-secure.verify-account.com,phishing,noreply578@suspicious-domain.com
2017-11-23 18:47:21.820910448,Urgent: Verify your account,"Dear valued customer, we have detected suspicious activity on your account. Please verify your identity by clicking the link below: http://secure-bank-verify.com/login",phishing,noreply579@suspicious-domain.com
2017-11-25 14:38:07.143571776,Unusual activity detected,Your account will be suspended unless you update your payment information immediately. Click here: https://paypal-secure.verify-account.com,phishing,noreply580@suspicious-domain.com
2017-11-27 10:28:52.466233104,Reset your password now,Your package is ready for delivery. Track your shipment: http://tracking-express.com/package,phishing,noreply581@suspicious-domain.com
2017-11-29 06:19:37.788894448,Urgent: Verify your account,Your package is ready for delivery. Track your shipment: http://tracking-express.com/package,phishing,noreply582@suspicious-domain.com
2017-12-01 02:10:23.111555776,Your package is waiting,Your account will be suspended unless you update your payment information immediately. Click here: https://paypal-secure.verify-account.com,phishing,noreply583@suspicious-domain.com
2017-12-02 22:01:08.434217104,Action required: Update payment information,"Dear valued customer, we have detected suspicious activity on your account. Please verify your identity by clicking the link below: http://secure-bank-verify.com/login",phishing,noreply584@suspicious-domain.com
2017-12-04 17:51:53.756878432,Your package is waiting,Your account will be suspended unless you update your payment information immediately. Click here: https://paypal-secure.verify-account.com,phishing,noreply585@suspicious-domain.com
2017-12-06 13:42:39.079539760,Click here to claim your prize,Your account will be suspended unless you update your payment information immediately. Click here: https://paypal-secure.verify-account.com,phishing,noreply586@suspicious-domain.com
2017-12-08 09:33:24.402201088,Action required: Update payment information,Your account will be suspended unless you update your payment information immediately. Click here: https://paypal-secure.verify-account.com,phishing,noreply587@suspicious-domain.com
2017-12-10 05:24:09.724862432,Your package is waiting,Congratulations! You have been selected as a winner. Claim your prize now: http://prize-winner.net/claim,phishing,noreply588@suspicious-domain.com
2017-12-12 01:14:55.047523760,Action required: Update payment information,Your package is ready for delivery. Track your shipment: http://tracking-express.com/package,phishing,noreply589@suspicious-domain.com
2017-12-13 21:05:40.370185088,Action required: Update payment information,We need to confirm your identity. Please provide your account details: https://account-security.com/verify,phishing,noreply590@suspicious-domain.com
2017-12-15 16:56:25.692846416,Important security alert,We need to confirm your identity. Please provide your account details: https://account-security.com/verify,phishing,noreply591@suspicious-domain.com
2017-12-17 12:47:11.015507744,Confirm your identity immediately,Congratulations! You have been selected as a winner. Claim your prize now: http://prize-winner.net/claim,phishing,noreply592@suspicious-domain.com
2017-12-19 08:37:56.338169072,Confirm your identity immediately,Your account will be suspended unless you update your payment information immediately. Click here: https://paypal-secure.verify-account.com,phishing,noreply593@suspicious-domain.com
2017-12-21 04:28:41.660830416,Important security alert,Congratulations! You have been selected as a winner. Claim your prize now: http://prize-winner.net/claim,phishing,noreply594@suspicious-domain.com
2017-12-23 00:19:26.983491744,Unusual activity detected,Congratulations! You have been selected as a winner. Claim your prize now: http://prize-winner.net/claim,phishing,noreply595@suspicious-domain.com
2017-12-24 20:10:12.306153072,Your account has been compromised,"Dear valued customer, we have detected suspicious activity on your account. Please verify your identity by clicking the link below: http://secure-bank-verify.com/login",phishing,noreply596@suspicious-domain.com
2017-12-26 16:00:57.628814400,Unusual activity detected,Your package is ready for delivery. Track your shipment: http://tracking-express.com/package,phishing,noreply597@suspicious-domain.com
2017-12-28 11:51:42.951475728,Urgent: Verify your account,We need to confirm your identity. Please provide your account details: https://account-security.com/verify,phishing,noreply598@suspicious-domain.com
2017-12-30 07:42:28.274137056,Urgent: Verify your account,Your account will be suspended unless you update your payment information immediately. Click here: https://paypal-secure.verify-account.com,phishing,noreply599@suspicious-domain.com
2018-01-01 03:33:13.596798400,Action required: Update payment information,We need to confirm your identity. Please provide your account details: https://account-security.com/verify,phishing,noreply600@suspicious-domain.com
2018-01-02 23:23:58.919459728,Your package is waiting,We need to confirm your identity. Please provide your account details: https://account-security.com/verify,phishing,noreply601@suspicious-domain.com
2018-01-04 19:14:44.242121056,Your package is waiting,Your package is ready for delivery. Track your shipment: http://tracking-express.com/package,phishing,noreply602@suspicious-domain.com
2018-01-06 15:05:29.564782384,Confirm your identity immediately,We need to confirm your identity. Please provide your account details: https://account-security.com/verify,phishing,noreply603@suspicious-domain.com
2018-01-08 10:56:14.887443712,Congratulations! You've won,We need to confirm your identity. Please provide your account details: https://account-security.com/verify,phishing,noreply604@suspicious-domain.com
2018-01-10 06:47:00.210105040,Unusual activity detected,Congratulations! You have been selected as a winner. Claim your prize now: http://prize-winner.net/claim,phishing,noreply605@suspicious-domain.com
2018-01-12 02:37:45.532766384,Click here to claim your prize,Your package is ready for delivery. Track your shipment: http://tracking-express.com/package,phishing,noreply606@suspicious-domain.com
2018-01-13 22:28:30.855427712,Reset your password now,"Dear valued customer, we have detected suspicious activity on your account. Please verify your identity by clicking the link below: http://secure-bank-verify.com/login",phishing,noreply607@suspicious-domain.com
2018-01-15 18:19:16.178089040,Your package is waiting,Your account will be suspended unless you update your payment information immediately. Click here: https://paypal-secure.verify-account.com,phishing,noreply608@suspicious-domain.com
2018-01-17 14:10:01.500750368,Reset your password now,We need to confirm your identity. Please provide your account details: https://account-security.com/verify,phishing,noreply609@suspicious-domain.com
2018-01-19 10:00:46.823411696,Action required: Update payment information,Your account will be suspended unless you update your payment information immediately. Click here: https://paypal-secure.verify-account.com,phishing,noreply610@suspicious-domain.com
2018-01-21 05:51:32.146073024,Reset your password now,"Dear valued customer, we have detected suspicious activity on your account. Please verify your identity by clicking the link below: http://secure-bank-verify.com/login",phishing,noreply611@suspicious-domain.com
2018-01-23 01:42:17.468734368,Click here to claim your prize,Your account will be suspended unless you update your payment information immediately. Click here: https://paypal-secure.verify-account.com,phishing,noreply612@suspicious-domain.com
2018-01-24 21:33:02.791395696,Important security alert,"Dear valued customer, we have detected suspicious activity on your account. Please verify your identity by clicking the link below: http://secure-bank-verify.com/login",phishing,noreply613@suspicious-domain.com
2018-01-26 17:23:48.114057024,Click here to claim your prize,Congratulations! You have been selected as a winner. Claim your prize now: http://prize-winner.net/claim,phishing,noreply614@suspicious-domain.com
2018-01-28 13:14:33.436718352,Reset your password now,We need to confirm your identity. Please provide your account details: https://account-security.com/verify,phishing,noreply615@suspicious-domain.com
2018-01-30 09:05:18.759379680,Click here to claim your prize,"Dear valued customer, we have detected suspicious activity on your account. Please verify your identity by clicking the link below: http://secure-bank-verify.com/login",phishing,noreply616@suspicious-domain.com
2018-02-01 04:56:04.082041008,Your account has been compromised,Your account will be suspended unless you update your payment information immediately. Click here: https://paypal-secure.verify-account.com,phishing,noreply617@suspicious-domain.com
2018-02-03 00:46:49.404702352,Action required: Update payment information,We need to confirm your identity. Please provide your account details: https://account-security.com/verify,phishing,noreply618@suspicious-domain.com
2018-02-04 20:37:34.727363680,Unusual activity detected,Congratulations! You have been selected as a winner. Claim your prize now: http://prize-winner.net/claim,phishing,noreply619@suspicious-domain.com
2018-02-06 16:28:20.050025008,Important security alert,We need to confirm your identity. Please provide your account details: https://account-security.com/verify,phishing,noreply620@suspicious-domain.com
2018-02-08 12:19:05.372686336,Your package is waiting,"Dear valued customer, we have detected suspicious activity on your account. Please verify your identity by clicking the link below: http://secure-bank-verify.com/login",phishing,noreply621@suspicious-domain.com
2018-02-10 08:09:50.695347664,Urgent: Verify your account,Congratulations! You have been selected as a winner. Claim your prize now: http://prize-winner.net/claim,phishing,noreply622@suspicious-domain.com
2018-02-12 04:00:36.018008992,Unusual activity detected,Your account will be suspended unless you update your payment information immediately. Click here: https://paypal-secure.verify-account.com,phishing,noreply623@suspicious-domain.com
2018-02-13 23:51:21.340670336,Urgent: Verify your account,Congratulations! You have been selected as a winner. Claim your prize now: http://prize-winner.net/claim,phishing,noreply624@suspicious-domain.com
2018-02-15 19:42:06.663331664,Action required: Update payment information,Congratulations! You have been selected as a winner. Claim your prize now: http://prize-winner.net/claim,phishing,noreply625@suspicious-domain.com
2018-02-17 15:32:51.985992992,Important security alert,Your package is ready for delivery. Track your shipment: http://tracking-express.com/package,phishing,noreply626@suspicious-domain.com
2018-02-19 11:23:37.308654320,Confirm your identity immediately,Congratulations! You have been selected as a winner. Claim your prize now: http://prize-winner.net/claim,phishing,noreply627@suspicious-domain.com
2018-02-21 07:14:22.631315648,Your package is waiting,Congratulations! You have been selected as a winner. Claim your prize now: http://prize-winner.net/claim,phishing,noreply628@suspicious-domain.com
2018-02-23 03:05:07.953976976,Your account has been compromised,We need to confirm your identity. Please provide your account details: https://account-security.com/verify,phishing,noreply629@suspicious-domain.com
2018-02-24 22:55:53.276638320,Confirm your identity immediately,Your account will be suspended unless you update your payment information immediately. Click here: https://paypal-secure.verify-account.com,phishing,noreply630@suspicious-domain.com
2018-02-26 18:46:38.599299648,Action required: Update payment information,We need to confirm your identity. Please provide your account details: https://account-security.com/verify,phishing,noreply631@suspicious-domain.com
2018-02-28 14:37:23.921960976,Unusual activity detected,We need to confirm your identity. Please provide your account details: https://account-security.com/verify,phishing,noreply632@suspicious-domain.com
2018-03-02 10:28:09.244622304,Your account has been compromised,"Dear valued customer, we have detected suspicious activity on your account. Please verify your identity by clicking the link below: http://secure-bank-verify.com/login",phishing,noreply633@suspicious-domain.com
2018-03-04 06:18:54.567283632,Click here to claim your prize,We need to confirm your identity. Please provide your account details: https://account-security.com/verify,phishing,noreply634@suspicious-domain.com
2018-03-06 02:09:39.889944960,Reset your password now,Your package is ready for delivery. Track your shipment: http://tracking-express.com/package,phishing,noreply635@suspicious-domain.com
2018-03-07 22:00:25.212606304,Your account has been compromised,Your package is ready for delivery. Track your shipment: http://tracking-express.com/package,phishing,noreply636@suspicious-domain.com
2018-03-09 17:51:10.535267632,Action required: Update payment information,"Dear valued customer, we have detected suspicious activity on your account. Please verify your identity by clicking the link below: http://secure-bank-verify.com/login",phishing,noreply637@suspicious-domain.com
2018-03-11 13:41:55.857928960,Congratulations! You've won,Your account will be suspended unless you update your payment information immediately. Click here: https://paypal-secure.verify-account.com,phishing,noreply638@suspicious-domain.com
2018-03-13 09:32:41.180590288,Reset your password now,Your account will be suspended unless you update your payment information immediately. Click here: https://paypal-secure.verify-account.com,phishing,noreply639@suspicious-domain.com
2018-03-15 05:23:26.503251616,Urgent: Verify your account,We need to confirm your identity. Please provide your account details: https://account-security.com/verify,phishing,noreply640@suspicious-domain.com
2018-03-17 01:14:11.825912944,Your package is waiting,We need to confirm your identity. Please provide your account details: https://account-security.com/verify,phishing,noreply641@suspicious-domain.com
2018-03-18 21:04:57.148574288,Urgent: Verify your account,We need to confirm your identity. Please provide your account details: https://account-security.com/verify,phishing,noreply642@suspicious-domain.com
2018-03-20 16:55:42.471235616,Your account has been compromised,Your account will be suspended unless you update your payment information immediately. Click here: https://paypal-secure.verify-account.com,phishing,noreply643@suspicious-domain.com
2018-03-22 12:46:27.793896944,Urgent: Verify your account,Congratulations! You have been selected as a winner. Claim your prize now: http://prize-winner.net/claim,phishing,noreply644@suspicious-domain.com
2018-03-24 08:37:13.116558272,Action required: Update payment information,Your package is ready for delivery. Track your shipment: http://tracking-express.com/package,phishing,noreply645@suspicious-domain.com
2018-03-26 04:27:58.439219600,Click here to claim your prize,Congratulations! You have been selected as a winner. Claim your prize now: http://prize-winner.net/claim,phishing,noreply646@suspicious-domain.com
2018-03-28 00:18:43.761880928,Unusual activity detected,Congratulations! You have been selected as a winner. Claim your prize now: http://prize-winner.net/claim,phishing,noreply647@suspicious-domain.com
2018-03-29 20:09:29.084542272,Your package is waiting,Your account will be suspended unless you update your payment information immediately. Click here: https://paypal-secure.verify-account.com,phishing,noreply648@suspicious-domain.com
2018-03-31 16:00:14.407203600,Urgent: Verify your account,Congratulations! You have been selected as a winner. Claim your prize now: http://prize-winner.net/claim,phishing,noreply649@suspicious-domain.com
2018-04-02 11:50:59.729864928,Urgent: Verify your account,"Dear valued customer, we have detected suspicious activity on your account. Please verify your identity by clicking the link below: http://secure-bank-verify.com/login",phishing,noreply650@suspicious-domain.com
2018-04-04 07:41:45.052526256,Your account has been compromised,We need to confirm your identity. Please provide your account details: https://account-security.com/verify,phishing,noreply651@suspicious-domain.com
2018-04-06 03:32:30.375187584,Unusual activity detected,"Dear valued customer, we have detected suspicious activity on your account. Please verify your identity by clicking the link below: http://secure-bank-verify.com/login",phishing,noreply652@suspicious-domain.com
2018-04-07 23:23:15.697848912,Confirm your identity immediately,Your package is ready for delivery. Track your shipment: http://tracking-express.com/package,phishing,noreply653@suspicious-domain.com
2018-04-09 19:14:01.020510256,Urgent: Verify your account,We need to confirm your identity. Please provide your account details: https://account-security.com/verify,phishing,noreply654@suspicious-domain.com
2018-04-11 15:04:46.343171584,Action required: Update payment information,Congratulations! You have been selected as a winner. Claim your prize now: http://prize-winner.net/claim,phishing,noreply655@suspicious-domain.com
2018-04-13 10:55:31.665832912,Congratulations! You've won,Your package is ready for delivery. Track your shipment: http://tracking-express.com/package,phishing,noreply656@suspicious-domain.com
2018-04-15 06:46:16.988494240,Your package is waiting,We need to confirm your identity. Please provide your account details: https://account-security.com/verify,phishing,noreply657@suspicious-domain.com
2018-04-17 02:37:02.311155568,Urgent: Verify your account,Congratulations! You have been selected as a winner. Claim your prize now: http://prize-winner.net/claim,phishing,noreply658@suspicious-domain.com
2018-04-18 22:27:47.633816896,Action required: Update payment information,"Dear valued customer, we have detected suspicious activity on your account. Please verify your identity by clicking the link below: http://secure-bank-verify.com/login",phishing,noreply659@suspicious-domain.com
2018-04-20 18:18:32.956478240,Action required: Update payment information,We need to confirm your identity. Please provide your account details: https://account-security.com/verify,phishing,noreply660@suspicious-domain.com
2018-04-22 14:09:18.279139568,Your package is waiting,Congratulations! You have been selected as a winner. Claim your prize now: http://prize-winner.net/claim,phishing,noreply661@suspicious-domain.com
2018-04-24 10:00:03.601800896,Confirm your identity immediately,"Dear valued customer, we have detected suspicious activity on your account. Please verify your identity by clicking the link below: http://secure-bank-verify.com/login",phishing,noreply662@suspicious-domain.com
2018-04-26 05:50:48.924462224,Action required: Update payment information,Your package is ready for delivery. Track your shipment: http://tracking-express.com/package,phishing,noreply663@suspicious-domain.com
2018-04-28 01:41:34.247123552,Congratulations! You've won,Your package is ready for delivery. Track your shipment: http://tracking-express.com/package,phishing,noreply664@suspicious-domain.com
2018-04-29 21:32:19.569784880,Action required: Update payment information,Your package is ready for delivery. Track your shipment: http://tracking-express.com/package,phishing,noreply665@suspicious-domain.com
2018-05-01 17:23:04.892446224,Action required: Update payment information,Your package is ready for delivery. Track your shipment: http://tracking-express.com/package,phishing,noreply666@suspicious-domain.com
2018-05-03 13:13:50.215107552,Action required: Update payment information,Your account will be suspended unless you update your payment information immediately. Click here: https://paypal-secure.verify-account.com,phishing,noreply667@suspicious-domain.com
2018-05-05 09:04:35.537768880,Click here to claim your prize,We need to confirm your identity. Please provide your account details: https://account-security.com/verify,phishing,noreply668@suspicious-domain.com
2018-05-07 04:55:20.860430208,Click here to claim your prize,We need to confirm your identity. Please provide your account details: https://account-security.com/verify,phishing,noreply669@suspicious-domain.com
2018-05-09 00:46:06.183091536,Confirm your identity immediately,Your account will be suspended unless you update your payment information immediately. Click here: https://paypal-secure.verify-account.com,phishing,noreply670@suspicious-domain.com
2018-05-10 20:36:51.505752864,Urgent: Verify your account,Congratulations! You have been selected as a winner. Claim your prize now: http://prize-winner.net/claim,phishing,noreply671@suspicious-domain.com
2018-05-12 16:27:36.828414208,Action required: Update payment information,Congratulations! You have been selected as a winner. Claim your prize now: http://prize-winner.net/claim,phishing,noreply672@suspicious-domain.com
2018-05-14 12:18:22.151075536,Unusual activity detected,Your package is ready for delivery. Track your shipment: http://tracking-express.com/package,phishing,noreply673@suspicious-domain.com
2018-05-16 08:09:07.473736864,Urgent: Verify your account,"Dear valued customer, we have detected suspicious activity on your account. Please verify your identity by clicking the link below: http://secure-bank-verify.com/login",phishing,noreply674@suspicious-domain.com
2018-05-18 03:59:52.796398192,Confirm your identity immediately,Congratulations! You have been selected as a winner. Claim your prize now: http://prize-winner.net/claim,phishing,noreply675@suspicious-domain.com
2018-05-19 23:50:38.119059520,Important security alert,"Dear valued customer, we have detected suspicious activity on your account. Please verify your identity by clicking the link below: http://secure-bank-verify.com/login",phishing,noreply676@suspicious-domain.com
2018-05-21 19:41:23.441720848,Urgent: Verify your account,We need to confirm your identity. Please provide your account details: https://account-security.com/verify,phishing,noreply677@suspicious-domain.com
2018-05-23 15:32:08.764382192,Urgent: Verify your account,"Dear valued customer, we have detected suspicious activity on your account. Please verify your identity by clicking the link below: http://secure-bank-verify.com/login",phishing,noreply678@suspicious-domain.com
2018-05-25 11:22:54.087043520,Reset your password now,We need to confirm your identity. Please provide your account details: https://account-security.com/verify,phishing,noreply679@suspicious-domain.com
2018-05-27 07:13:39.409704848,Your account has been compromised,Your account will be suspended unless you update your payment information immediately. Click here: https://paypal-secure.verify-account.com,phishing,noreply680@suspicious-domain.com
2018-05-29 03:04:24.732366176,Reset your password now,Your account will be suspended unless you update your payment information immediately. Click here: https://paypal-secure.verify-account.com,phishing,noreply681@suspicious-domain.com
2018-05-30 22:55:10.055027504,Congratulations! You've won,Your package is ready for delivery. Track your shipment: http://tracking-express.com/package,phishing,noreply682@suspicious-domain.com
2018-06-01 18:45:55.377688832,Click here to claim your prize,Congratulations! You have been selected as a winner. Claim your prize now: http://prize-winner.net/claim,phishing,noreply683@suspicious-domain.com
2018-06-03 14:36:40.700350176,Click here to claim your prize,Your package is ready for delivery. Track your shipment: http://tracking-express.com/package,phishing,noreply684@suspicious-domain.com
2018-06-05 10:27:26.023011504,Your account has been compromised,We need to confirm your identity. Please provide your account details: https://account-security.com/verify,phishing,noreply685@suspicious-domain.com
2018-06-07 06:18:11.345672832,Your package is waiting,Your package is ready for delivery. Track your shipment: http://tracking-express.com/package,phishing,noreply686@suspicious-domain.com
2018-06-09 02:08:56.668334160,Your package is waiting,"Dear valued customer, we have detected suspicious activity on your account. Please verify your identity by clicking the link below: http://secure-bank-verify.com/login",phishing,noreply687@suspicious-domain.com
2018-06-10 21:59:41.990995488,Confirm your identity immediately,We need to confirm your identity. Please provide your account details: https://account-security.com/verify,phishing,noreply688@suspicious-domain.com
2018-06-12 17:50:27.313656816,Your account has been compromised,Your account will be suspended unless you update your payment information immediately. Click here: https://paypal-secure.verify-account.com,phishing,noreply689@suspicious-domain.com
2018-06-14 13:41:12.636318160,Urgent: Verify your account,Congratulations! You have been selected as a winner. Claim your prize now: http://prize-winner.net/claim,phishing,noreply690@suspicious-domain.com
2018-06-16 09:31:57.958979488,Your package is waiting,We need to confirm your identity. Please provide your account details: https://account-security.com/verify,phishing,noreply691@suspicious-domain.com
2018-06-18 05:22:43.281640816,Action required: Update payment information,We need to confirm your identity. Please provide your account details: https://account-security.com/verify,phishing,noreply692@suspicious-domain.com
2018-06-20 01:13:28.604302144,Unusual activity detected,"Dear valued customer, we have detected suspicious activity on your account. Please verify your identity by clicking the link below: http://secure-bank-verify.com/login",phishing,noreply693@suspicious-domain.com
2018-06-21 21:04:13.926963472,Urgent: Verify your account,Congratulations! You have been selected as a winner. Claim your prize now: http://prize-winner.net/claim,phishing,noreply694@suspicious-domain.com
2018-06-23 16:54:59.249624800,Congratulations! You've won,Your account will be suspended unless you update your payment information immediately. Click here: https://paypal-secure.verify-account.com,phishing,noreply695@suspicious-domain.com
2018-06-25 12:45:44.572286144,Action required: Update payment information,We need to confirm your identity. Please provide your account details: https://account-security.com/verify,phishing,noreply696@suspicious-domain.com
2018-06-27 08:36:29.894947472,Action required: Update payment information,We need to confirm your identity. Please provide your account details: https://account-security.com/verify,phishing,noreply697@suspicious-domain.com
2018-06-29 04:27:15.217608800,Your account has been compromised,"Dear valued customer, we have detected suspicious activity on your account. Please verify your identity by clicking the link below: http://secure-bank-verify.com/login",phishing,noreply698@suspicious-domain.com
2018-07-01 00:18:00.540270128,Confirm your identity immediately,Your package is ready for delivery. Track your shipment: http://tracking-express.com/package,phishing,noreply699@suspicious-domain.com
2018-07-02 20:08:45.862931456,Congratulations! You've won,Your account will be suspended unless you update your payment information immediately. Click here: https://paypal-secure.verify-account.com,phishing,noreply700@suspicious-domain.com
2018-07-04 15:59:31.185592784,Your package is waiting,Congratulations! You have been selected as a winner. Claim your prize now: http://prize-winner.net/claim,phishing,noreply701@suspicious-domain.com
2018-07-06 11:50:16.508254128,Your account has been compromised,We need to confirm your identity. Please provide your account details: https://account-security.com/verify,phishing,noreply702@suspicious-domain.com
2018-07-08 07:41:01.830915456,Your package is waiting,We need to confirm your identity. Please provide your account details: https://account-security.com/verify,phishing,noreply703@suspicious-domain.com
2018-07-10 03:31:47.153576784,Your account has been compromised,Your account will be suspended unless you update your payment information immediately. Click here: https://paypal-secure.verify-account.com,phishing,noreply704@suspicious-domain.com
2018-07-11 23:22:32.476238112,Your account has been compromised,Your package is ready for delivery. Track your shipment: http://tracking-express.com/package,phishing,noreply705@suspicious-domain.com
2018-07-13 19:13:17.798899440,Your account has been compromised,We need to confirm your identity. Please provide your account details: https://account-security.com/verify,phishing,noreply706@suspicious-domain.com
2018-07-15 15:04:03.121560768,Confirm your identity immediately,Your account will be suspended unless you update your payment information immediately. Click here: https://paypal-secure.verify-account.com,phishing,noreply707@suspicious-domain.com
2018-07-17 10:54:48.444222112,Your account has been compromised,"Dear valued customer, we have detected suspicious activity on your account. Please verify your identity by clicking the link below: http://secure-bank-verify.com/login",phishing,noreply708@suspicious-domain.com
2018-07-19 06:45:33.766883440,Important security alert,Your package is ready for delivery. Track your shipment: http://tracking-express.com/package,phishing,noreply709@suspicious-domain.com
2018-07-21 02:36:19.089544768,Unusual activity detected,Congratulations! You have been selected as a winner. Claim your prize now: http://prize-winner.net/claim,phishing,noreply710@suspicious-domain.com
2018-07-22 22:27:04.412206096,Your package is waiting,We need to confirm your identity. Please provide your account details: https://account-security.com/verify,phishing,noreply711@suspicious-domain.com
2018-07-24 18:17:49.734867424,Urgent: Verify your account,Your account will be suspended unless you update your payment information immediately. Click here: https://paypal-secure.verify-account.com,phishing,noreply712@suspicious-domain.com
2018-07-26 14:08:35.057528752,Reset your password now,"Dear valued customer, we have detected suspicious activity on your account. Please verify your identity by clicking the link below: http://secure-bank-verify.com/login",phishing,noreply713@suspicious-domain.com
2018-07-28 09:59:20.380190096,Congratulations! You've won,Congratulations! You have been selected as a winner. Claim your prize now: http://prize-winner.net/claim,phishing,noreply714@suspicious-domain.com
2018-07-30 05:50:05.702851424,Click here to claim your prize,Your account will be suspended unless you update your payment information immediately. Click here: https://paypal-secure.verify-account.com,phishing,noreply715@suspicious-domain.com
2018-08-01 01:40:51.025512752,Confirm your identity immediately,Your account will be suspended unless you update your payment information immediately. Click here: https://paypal-secure.verify-account.com,phishing,noreply716@suspicious-domain.com
2018-08-02 21:31:36.348174080,Urgent: Verify your account,Congratulations! You have been selected as a winner. Claim your prize now: http://prize-winner.net/claim,phishing,noreply717@suspicious-domain.com
2018-08-04 17:22:21.670835408,Action required: Update payment information,"Dear valued customer, we have detected suspicious activity on your account. Please verify your identity by clicking the link below: http://secure-bank-verify.com/login",phishing,noreply718@suspicious-domain.com
2018-08-06 13:13:06.993496736,Important security alert,"Dear valued customer, we have detected suspicious activity on your account. Please verify your identity by clicking the link below: http://secure-bank-verify.com/login",phishing,noreply719@suspicious-domain.com
2018-08-08 09:03:52.316158080,Click here to claim your prize,Your package is ready for delivery. Track your shipment: http://tracking-express.com/package,phishing,noreply720@suspicious-domain.com
2018-08-10 04:54:37.638819408,Reset your password now,We need to confirm your identity. Please provide your account details: https://account-security.com/verify,phishing,noreply721@suspicious-domain.com
2018-08-12 00:45:22.961480736,Urgent: Verify your account,Congratulations! You have been selected as a winner. Claim your prize now: http://prize-winner.net/claim,phishing,noreply722@suspicious-domain.com
2018-08-13 20:36:08.284142064,Click here to claim your prize,Congratulations! You have been selected as a winner. Claim your prize now: http://prize-winner.net/claim,phishing,noreply723@suspicious-domain.com
2018-08-15 16:26:53.606803392,Urgent: Verify your account,Congratulations! You have been selected as a winner. Claim your prize now: http://prize-winner.net/claim,phishing,noreply724@suspicious-domain.com
2018-08-17 12:17:38.929464720,Important security alert,"Dear valued customer, we have detected suspicious activity on your account. Please verify your identity by clicking the link below: http://secure-bank-verify.com/login",phishing,noreply725@suspicious-domain.com
2018-08-19 08:08:24.252126064,Reset your password now,We need to confirm your identity. Please provide your account details: https://account-security.com/verify,phishing,noreply726@suspicious-domain.com
2018-08-21 03:59:09.574787392,Action required: Update payment information,Your package is ready for delivery. Track your shipment: http://tracking-express.com/package,phishing,noreply727@suspicious-domain.com
2018-08-22 23:49:54.897448720,Your account has been compromised,Your account will be suspended unless you update your payment information immediately. Click here: https://paypal-secure.verify-account.com,phishing,noreply728@suspicious-domain.com
2018-08-24 19:40:40.220110048,Your package is waiting,Your account will be suspended unless you update your payment information immediately. Click here: https://paypal-secure.verify-account.com,phishing,noreply729@suspicious-domain.com
2018-08-26 15:31:25.542771376,Action required: Update payment information,Congratulations! You have been selected as a winner. Claim your prize now: http://prize-winner.net/claim,phishing,noreply730@suspicious-domain.com
2018-08-28 11:22:10.865432704,Your account has been compromised,We need to confirm your identity. Please provide your account details: https://account-security.com/verify,phishing,noreply731@suspicious-domain.com
2018-08-30 07:12:56.188094048,Confirm your identity immediately,"Dear valued customer, we have detected suspicious activity on your account. Please verify your identity by clicking the link below: http://secure-bank-verify.com/login",phishing,noreply732@suspicious-domain.com
2018-09-01 03:03:41.510755376,Unusual activity detected,We need to confirm your identity. Please provide your account details: https://account-security.com/verify,phishing,noreply733@suspicious-domain.com
2018-09-02 22:54:26.833416704,Congratulations! You've won,We need to confirm your identity. Please provide your account details: https://account-security.com/verify,phishing,noreply734@suspicious-domain.com
2018-09-04 18:45:12.156078032,Congratulations! You've won,"Dear valued customer, we have detected suspicious activity on your account. Please verify your identity by clicking the link below: http://secure-bank-verify.com/login",phishing,noreply735@suspicious-domain.com
2018-09-06 14:35:57.478739360,Your package is waiting,Congratulations! You have been selected as a winner. Claim your prize now: http://prize-winner.net/claim,phishing,noreply736@suspicious-domain.com
2018-09-08 10:26:42.801400688,Reset your password now,We need to confirm your identity. Please provide your account details: https://account-security.com/verify,phishing,noreply737@suspicious-domain.com
2018-09-10 06:17:28.124062032,Important security alert,Your account will be suspended unless you update your payment information immediately. Click here: https://paypal-secure.verify-account.com,phishing,noreply738@suspicious-domain.com
2018-09-12 02:08:13.446723360,Reset your password now,"Dear valued customer, we have detected suspicious activity on your account. Please verify your identity by clicking the link below: http://secure-bank-verify.com/login",phishing,noreply739@suspicious-domain.com
2018-09-13 21:58:58.769384688,Important security alert,Your package is ready for delivery. Track your shipment: http://tracking-express.com/package,phishing,noreply740@suspicious-domain.com
2018-09-15 17:49:44.092046016,Reset your password now,Congratulations! You have been selected as a winner. Claim your prize now: http://prize-winner.net/claim,phishing,noreply741@suspicious-domain.com
2018-09-17 13:40:29.414707344,Unusual activity detected,"Dear valued customer, we have detected suspicious activity on your account. Please verify your identity by clicking the link below: http://secure-bank-verify.com/login",phishing,noreply742@suspicious-domain.com
2018-09-19 09:31:14.737368672,Confirm your identity immediately,Your package is ready for delivery. Track your shipment: http://tracking-express.com/package,phishing,noreply743@suspicious-domain.com
2018-09-21 05:22:00.060030016,Confirm your identity immediately,Your package is ready for delivery. Track your shipment: http://tracking-express.com/package,phishing,noreply744@suspicious-domain.com
2018-09-23 01:12:45.382691344,Your account has been compromised,We need to confirm your identity. Please provide your account details: https://account-security.com/verify,phishing,noreply745@suspicious-domain.com
2018-09-24 21:03:30.705352672,Click here to claim your prize,We need to confirm your identity. Please provide your account details: https://account-security.com/verify,phishing,noreply746@suspicious-domain.com
2018-09-26 16:54:16.028014000,Confirm your identity immediately,We need to confirm your identity. Please provide your account details: https://account-security.com/verify,phishing,noreply747@suspicious-domain.com
2018-09-28 12:45:01.350675328,Confirm your identity immediately,"Dear valued customer, we have detected suspicious activity on your account. Please verify your identity by clicking the link below: http://secure-bank-verify.com/login",phishing,noreply748@suspicious-domain.com
2018-09-30 08:35:46.673336656,Action required: Update payment information,"Dear valued customer, we have detected suspicious activity on your account. Please verify your identity by clicking the link below: http://secure-bank-verify.com/login",phishing,noreply749@suspicious-domain.com
2018-10-02 04:26:31.995998000,Action required: Update payment information,Congratulations! You have been selected as a winner. Claim your prize now: http://prize-winner.net/claim,phishing,noreply750@suspicious-domain.com
2018-10-04 00:17:17.318659328,Your account has been compromised,We need to confirm your identity. Please provide your account details: https://account-security.com/verify,phishing,noreply751@suspicious-domain.com
2018-10-05 20:08:02.641320656,Click here to claim your prize,Your package is ready for delivery. Track your shipment: http://tracking-express.com/package,phishing,noreply752@suspicious-domain.com
2018-10-07 15:58:47.963981984,Your package is waiting,Your account will be suspended unless you update your payment information immediately. Click here: https://paypal-secure.verify-account.com,phishing,noreply753@suspicious-domain.com
2018-10-09 11:49:33.286643312,Action required: Update payment information,Congratulations! You have been selected as a winner. Claim your prize now: http://prize-winner.net/claim,phishing,noreply754@suspicious-domain.com
2018-10-11 07:40:18.609304640,Your package is waiting,"Dear valued customer, we have detected suspicious activity on your account. Please verify your identity by clicking the link below: http://secure-bank-verify.com/login",phishing,noreply755@suspicious-domain.com
2018-10-13 03:31:03.931965984,Urgent: Verify your account,Congratulations! You have been selected as a winner. Claim your prize now: http://prize-winner.net/claim,phishing,noreply756@suspicious-domain.com
2018-10-14 23:21:49.254627312,Action required: Update payment information,Congratulations! You have been selected as a winner. Claim your prize now: http://prize-winner.net/claim,phishing,noreply757@suspicious-domain.com
2018-10-16 19:12:34.577288640,Unusual activity detected,Congratulations! You have been selected as a winner. Claim your prize now: http://prize-winner.net/claim,phishing,noreply758@suspicious-domain.com
2018-10-18 15:03:19.899949968,Click here to claim your prize,Congratulations! You have been selected as a winner. Claim your prize now: http://prize-winner.net/claim,phishing,noreply759@suspicious-domain.com
2018-10-20 10:54:05.222611296,Your account has been compromised,Your account will be suspended unless you update your payment information immediately. Click here: https://paypal-secure.verify-account.com,phishing,noreply760@suspicious-domain.com
2018-10-22 06:44:50.545272624,Urgent: Verify your account,We need to confirm your identity. Please provide your account details: https://account-security.com/verify,phishing,noreply761@suspicious-domain.com
2018-10-24 02:35:35.867933968,Click here to claim your prize,Your package is ready for delivery. Track your shipment: http://tracking-express.com/package,phishing,noreply762@suspicious-domain.com
2018-10-25 22:26:21.190595296,Unusual activity detected,Congratulations! You have been selected as a winner. Claim your prize now: http://prize-winner.net/claim,phishing,noreply763@suspicious-domain.com
2018-10-27 18:17:06.513256624,Click here to claim your prize,Congratulations! You have been selected as a winner. Claim your prize now: http://prize-winner.net/claim,phishing,noreply764@suspicious-domain.com
2018-10-29 14:07:51.835917952,Unusual activity detected,Congratulations! You have been selected as a winner. Claim your prize now: http://prize-winner.net/claim,phishing,noreply765@suspicious-domain.com
2018-10-31 09:58:37.158579280,Unusual activity detected,We need to confirm your identity. Please provide your account details: https://account-security.com/verify,phishing,noreply766@suspicious-domain.com
2018-11-02 05:49:22.481240608,Your package is waiting,"Dear valued customer, we have detected suspicious activity on your account. Please verify your identity by clicking the link below: http://secure-bank-verify.com/login",phishing,noreply767@suspicious-domain.com
2018-11-04 01:40:07.803901952,Reset your password now,"Dear valued customer, we have detected suspicious activity on your account. Please verify your identity by clicking the link below: http://secure-bank-verify.com/login",phishing,noreply768@suspicious-domain.com
2018-11-05 21:30:53.126563280,Urgent: Verify your account,Your account will be suspended unless you update your payment information immediately. Click here: https://paypal-secure.verify-account.com,phishing,noreply769@suspicious-domain.com
2018-11-07 17:21:38.449224608,Click here to claim your prize,"Dear valued customer, we have detected suspicious activity on your account. Please verify your identity by clicking the link below: http://secure-bank-verify.com/login",phishing,noreply770@suspicious-domain.com
2018-11-09 13:12:23.771885936,Important security alert,Congratulations! You have been selected as a winner. Claim your prize now: http://prize-winner.net/claim,phishing,noreply771@suspicious-domain.com
2018-11-11 09:03:09.094547264,Urgent: Verify your account,Congratulations! You have been selected as a winner. Claim your prize now: http://prize-winner.net/claim,phishing,noreply772@suspicious-domain.com
2018-11-13 04:53:54.417208592,Reset your password now,Congratulations! You have been selected as a winner. Claim your prize now: http://prize-winner.net/claim,phishing,noreply773@suspicious-domain.com
2018-11-15 00:44:39.739869920,Urgent: Verify your account,Your account will be suspended unless you update your payment information immediately. Click here: https://paypal-secure.verify-account.com,phishing,noreply774@suspicious-domain.com
2018-11-16 20:35:25.062531264,Confirm your identity immediately,Congratulations! You have been selected as a winner. Claim your prize now: http://prize-winner.net/claim,phishing,noreply775@suspicious-domain.com
2018-11-18 16:26:10.385192592,Important security alert,"Dear valued customer, we have detected suspicious activity on your account. Please verify your identity by clicking the link below: http://secure-bank-verify.com/login",phishing,noreply776@suspicious-domain.com
2018-11-20 12:16:55.707853920,Reset your password now,We need to confirm your identity. Please provide your account details: https://account-security.com/verify,phishing,noreply777@suspicious-domain.com
2018-11-22 08:07:41.030515248,Your package is waiting,We need to confirm your identity. Please provide your account details: https://account-security.com/verify,phishing,noreply778@suspicious-domain.com
2018-11-24 03:58:26.353176576,Click here to claim your prize,Your package is ready for delivery. Track your shipment: http://tracking-express.com/package,phishing,noreply779@suspicious-domain.com
2018-11-25 23:49:11.675837904,Congratulations! You've won,"Dear valued customer, we have detected suspicious activity on your account. Please verify your identity by clicking the link below: http://secure-bank-verify.com/login",phishing,noreply780@suspicious-domain.com
2018-11-27 19:39:56.998499248,Reset your password now,Congratulations! You have been selected as a winner. Claim your prize now: http://prize-winner.net/claim,phishing,noreply781@suspicious-domain.com
2018-11-29 15:30:42.321160576,Your account has been compromised,We need to confirm your identity. Please provide your account details: https://account-security.com/verify,phishing,noreply782@suspicious-domain.com
2018-12-01 11:21:27.643821904,Click here to claim your prize,"Dear valued customer, we have detected suspicious activity on your account. Please verify your identity by clicking the link below: http://secure-bank-verify.com/login",phishing,noreply783@suspicious-domain.com
2018-12-03 07:12:12.966483232,Reset your password now,We need to confirm your identity. Please provide your account details: https://account-security.com/verify,phishing,noreply784@suspicious-domain.com
2018-12-05 03:02:58.289144560,Confirm your identity immediately,Congratulations! You have been selected as a winner. Claim your prize now: http://prize-winner.net/claim,phishing,noreply785@suspicious-domain.com
2018-12-06 22:53:43.611805888,Congratulations! You've won,We need to confirm your identity. Please provide your account details: https://account-security.com/verify,phishing,noreply786@suspicious-domain.com
2018-12-08 18:44:28.934467232,Confirm your identity immediately,Your package is ready for delivery. Track your shipment: http://tracking-express.com/package,phishing,noreply787@suspicious-domain.com
2018-12-10 14:35:14.257128560,Congratulations! You've won,Your package is ready for delivery. Track your shipment: http://tracking-express.com/package,phishing,noreply788@suspicious-domain.com
2018-12-12 10:25:59.579789888,Your account has been compromised,We need to confirm your identity. Please provide your account details: https://account-security.com/verify,phishing,noreply789@suspicious-domain.com
2018-12-14 06:16:44.902451216,Click here to claim your prize,"Dear valued customer, we have detected suspicious activity on your account. Please verify your identity by clicking the link below: http://secure-bank-verify.com/login",phishing,noreply790@suspicious-domain.com
2018-12-16 02:07:30.225112544,Your package is waiting,"Dear valued customer, we have detected suspicious activity on your account. Please verify your identity by clicking the link below: http://secure-bank-verify.com/login",phishing,noreply791@suspicious-domain.com
2018-12-17 21:58:15.547773872,Confirm your identity immediately,"Dear valued customer, we have detected suspicious activity on your account. Please verify your identity by clicking the link below: http://secure-bank-verify.com/login",phishing,noreply792@suspicious-domain.com
2018-12-19 17:49:00.870435216,Confirm your identity immediately,We need to confirm your identity. Please provide your account details: https://account-security.com/verify,phishing,noreply793@suspicious-domain.com
2018-12-21 13:39:46.193096544,Unusual activity detected,"Dear valued customer, we have detected suspicious activity on your account. Please verify your identity by clicking the link below: http://secure-bank-verify.com/login",phishing,noreply794@suspicious-domain.com
2018-12-23 09:30:31.515757872,Congratulations! You've won,Congratulations! You have been selected as a winner. Claim your prize now: http://prize-winner.net/claim,phishing,noreply795@suspicious-domain.com
2018-12-25 05:21:16.838419200,Action required: Update payment information,Your package is ready for delivery. Track your shipment: http://tracking-express.com/package,phishing,noreply796@suspicious-domain.com
2018-12-27 01:12:02.161080528,Click here to claim your prize,Congratulations! You have been selected as a winner. Claim your prize now: http://prize-winner.net/claim,phishing,noreply797@suspicious-domain.com
2018-12-28 21:02:47.483741856,Congratulations! You've won,"Dear valued customer, we have detected suspicious activity on your account. Please verify your identity by clicking the link below: http://secure-bank-verify.com/login",phishing,noreply798@suspicious-domain.com
2018-12-30 16:53:32.806403200,Unusual activity detected,Congratulations! You have been selected as a winner. Claim your prize now: http://prize-winner.net/claim,phishing,noreply799@suspicious-domain.com
2019-01-01 12:44:18.129064528,Urgent: Verify your account,"Dear valued customer, we have detected suspicious activity on your account. Please verify your identity by clicking the link below: http://secure-bank-verify.com/login",phishing,noreply800@suspicious-domain.com
2019-01-03 08:35:03.451725856,Congratulations! You've won,We need to confirm your identity. Please provide your account details: https://account-security.com/verify,phishing,noreply801@suspicious-domain.com
2019-01-05 04:25:48.774387184,Your package is waiting,Congratulations! You have been selected as a winner. Claim your prize now: http://prize-winner.net/claim,phishing,noreply802@suspicious-domain.com
2019-01-07 00:16:34.097048512,Click here to claim your prize,We need to confirm your identity. Please provide your account details: https://account-security.com/verify,phishing,noreply803@suspicious-domain.com
2019-01-08 20:07:19.419709840,Unusual activity detected,We need to confirm your identity. Please provide your account details: https://account-security.com/verify,phishing,noreply804@suspicious-domain.com
2019-01-10 15:58:04.742371184,Urgent: Verify your account,Your account will be suspended unless you update your payment information immediately. Click here: https://paypal-secure.verify-account.com,phishing,noreply805@suspicious-domain.com
2019-01-12 11:48:50.065032512,Important security alert,"Dear valued customer, we have detected suspicious activity on your account. Please verify your identity by clicking the link below: http://secure-bank-verify.com/login",phishing,noreply806@suspicious-domain.com
2019-01-14 07:39:35.387693840,Unusual activity detected,Your package is ready for delivery. Track your shipment: http://tracking-express.com/package,phishing,noreply807@suspicious-domain.com
2019-01-16 03:30:20.710355168,Important security alert,"Dear valued customer, we have detected suspicious activity on your account. Please verify your identity by clicking the link below: http://secure-bank-verify.com/login",phishing,noreply808@suspicious-domain.com
2019-01-17 23:21:06.033016496,Click here to claim your prize,Your package is ready for delivery. Track your shipment: http://tracking-express.com/package,phishing,noreply809@suspicious-domain.com
2019-01-19 19:11:51.355677824,Confirm your identity immediately,"Dear valued customer, we have detected suspicious activity on your account. Please verify your identity by clicking the link below: http://secure-bank-verify.com/login",phishing,noreply810@suspicious-domain.com
2019-01-21 15:02:36.678339168,Unusual activity detected,We need to confirm your identity. Please provide your account details: https://account-security.com/verify,phishing,noreply811@suspicious-domain.com
2019-01-23 10:53:22.001000496,Your account has been compromised,Congratulations! You have been selected as a winner. Claim your prize now: http://prize-winner.net/claim,phishing,noreply812@suspicious-domain.com
2019-01-25 06:44:07.323661824,Important security alert,Congratulations! You have been selected as a winner. Claim your prize now: http://prize-winner.net/claim,phishing,noreply813@suspicious-domain.com
2019-01-27 02:34:52.646323152,Your package is waiting,Your account will be suspended unless you update your payment information immediately. Click here: https://paypal-secure.verify-account.com,phishing,noreply814@suspicious-domain.com
2019-01-28 22:25:37.968984480,Your account has been compromised,Your package is ready for delivery. Track your shipment: http://tracking-express.com/package,phishing,noreply815@suspicious-domain.com
2019-01-30 18:16:23.291645808,Reset your password now,Your package is ready for delivery. Track your shipment: http://tracking-express.com/package,phishing,noreply816@suspicious-domain.com
2019-02-01 14:07:08.614307152,Reset your password now,Your package is ready for delivery. Track your shipment: http://tracking-express.com/package,phishing,noreply817@suspicious-domain.com
2019-02-03 09:57:53.936968480,Urgent: Verify your account,We need to confirm your identity. Please provide your account details: https://account-security.com/verify,phishing,noreply818@suspicious-domain.com
2019-02-05 05:48:39.259629808,Confirm your identity immediately,Your package is ready for delivery. Track your shipment: http://tracking-express.com/package,phishing,noreply819@suspicious-domain.com
2019-02-07 01:39:24.582291136,Click here to claim your prize,Congratulations! You have been selected as a winner. Claim your prize now: http://prize-winner.net/claim,phishing,noreply820@suspicious-domain.com
2019-02-08 21:30:09.904952464,Unusual activity detected,We need to confirm your identity. Please provide your account details: https://account-security.com/verify,phishing,noreply821@suspicious-domain.com
2019-02-10 17:20:55.227613792,Action required: Update payment information,"Dear valued customer, we have detected suspicious activity on your account. Please verify your identity by clicking the link below: http://secure-bank-verify.com/login",phishing,noreply822@suspicious-domain.com
2019-02-12 13:11:40.550275136,Your package is waiting,Your package is ready for delivery. Track your shipment: http://tracking-express.com/package,phishing,noreply823@suspicious-domain.com
2019-02-14 09:02:25.872936464,Important security alert,Your package is ready for delivery. Track your shipment: http://tracking-express.com/package,phishing,noreply824@suspicious-domain.com
2019-02-16 04:53:11.195597792,Click here to claim your prize,"Dear valued customer, we have detected suspicious activity on your account. Please verify your identity by clicking the link below: http://secure-bank-verify.com/login",phishing,noreply825@suspicious-domain.com
2019-02-18 00:43:56.518259120,Your account has been compromised,Your package is ready for delivery. Track your shipment: http://tracking-express.com/package,phishing,noreply826@suspicious-domain.com
2019-02-19 20:34:41.840920448,Reset your password now,"Dear valued customer, we have detected suspicious activity on your account. Please verify your identity by clicking the link below: http://secure-bank-verify.com/login",phishing,noreply827@suspicious-domain.com
2019-02-21 16:25:27.163581776,Your package is waiting,We need to confirm your identity. Please provide your account details: https://account-security.com/verify,phishing,noreply828@suspicious-domain.com
2019-02-23 12:16:12.486243120,Action required: Update payment information,Congratulations! You have been selected as a winner. Claim your prize now: http://prize-winner.net/claim,phishing,noreply829@suspicious-domain.com
2019-02-25 08:06:57.808904448,Unusual activity detected,"Dear valued customer, we have detected suspicious activity on your account. Please verify your identity by clicking the link below: http://secure-bank-verify.com/login",phishing,noreply830@suspicious-domain.com
2019-02-27 03:57:43.131565776,Urgent: Verify your account,Your account will be suspended unless you update your payment information immediately. Click here: https://paypal-secure.verify-account.com,phishing,noreply831@suspicious-domain.com
2019-02-28 23:48:28.454227104,Action required: Update payment information,"Dear valued customer, we have detected suspicious activity on your account. Please verify your identity by clicking the link below: http://secure-bank-verify.com/login",phishing,noreply832@suspicious-domain.com
2019-03-02 19:39:13.776888432,Your package is waiting,Your package is ready for delivery. Track your shipment: http://tracking-express.com/package,phishing,noreply833@suspicious-domain.com
2019-03-04 15:29:59.099549760,Action required: Update payment information,We need to confirm your identity. Please provide your account details: https://account-security.com/verify,phishing,noreply834@suspicious-domain.com
2019-03-06 11:20:44.422211104,Your package is waiting,We need to confirm your identity. Please provide your account details: https://account-security.com/verify,phishing,noreply835@suspicious-domain.com
2019-03-08 07:11:29.744872432,Your package is waiting,"Dear valued customer, we have detected suspicious activity on your account. Please verify your identity by clicking the link below: http://secure-bank-verify.com/login",phishing,noreply836@suspicious-domain.com
2019-03-10 03:02:15.067533760,Congratulations! You've won,Congratulations! You have been selected as a winner. Claim your prize now: http://prize-winner.net/claim,phishing,noreply837@suspicious-domain.com
2019-03-11 22:53:00.390195088,Important security alert,Your account will be suspended unless you update your payment information immediately. Click here: https://paypal-secure.verify-account.com,phishing,noreply838@suspicious-domain.com
2019-03-13 18:43:45.712856416,Reset your password now,We need to confirm your identity. Please provide your account details: https://account-security.com/verify,phishing,noreply839@suspicious-domain.com
2019-03-15 14:34:31.035517744,Congratulations! You've won,Your package is ready for delivery. Track your shipment: http://tracking-express.com/package,phishing,noreply840@suspicious-domain.com
2019-03-17 10:25:16.358179088,Unusual activity detected,Your package is ready for delivery. Track your shipment: http://tracking-express.com/package,phishing,noreply841@suspicious-domain.com
2019-03-19 06:16:01.680840416,Congratulations! You've won,Congratulations! You have been selected as a winner. Claim your prize now: http://prize-winner.net/claim,phishing,noreply842@suspicious-domain.com
2019-03-21 02:06:47.003501744,Confirm your identity immediately,We need to confirm your identity. Please provide your account details: https://account-security.com/verify,phishing,noreply843@suspicious-domain.com
2019-03-22 21:57:32.326163072,Confirm your identity immediately,"Dear valued customer, we have detected suspicious activity on your account. Please verify your identity by clicking the link below: http://secure-bank-verify.com/login",phishing,noreply844@suspicious-domain.com
2019-03-24 17:48:17.648824400,Reset your password now,Your package is ready for delivery. Track your shipment: http://tracking-express.com/package,phishing,noreply845@suspicious-domain.com
2019-03-26 13:39:02.971485728,Action required: Update payment information,Congratulations! You have been selected as a winner. Claim your prize now: http://prize-winner.net/claim,phishing,noreply846@suspicious-domain.com
2019-03-28 09:29:48.294147072,Important security alert,We need to confirm your identity. Please provide your account details: https://account-security.com/verify,phishing,noreply847@suspicious-domain.com
2019-03-30 05:20:33.616808400,Reset your password now,We need to confirm your identity. Please provide your account details: https://account-security.com/verify,phishing,noreply848@suspicious-domain.com
2019-04-01 01:11:18.939469728,Your package is waiting,We need to confirm your identity. Please provide your account details: https://account-security.com/verify,phishing,noreply849@suspicious-domain.com
2019-04-02 21:02:04.262131056,Your account has been compromised,We need to confirm your identity. Please provide your account details: https://account-security.com/verify,phishing,noreply850@suspicious-domain.com
2019-04-04 16:52:49.584792384,Important security alert,We need to confirm your identity. Please provide your account details: https://account-security.com/verify,phishing,noreply851@suspicious-domain.com
2019-04-06 12:43:34.907453712,Important security alert,Your package is ready for delivery. Track your shipment: http://tracking-express.com/package,phishing,noreply852@suspicious-domain.com
2019-04-08 08:34:20.230115056,Your package is waiting,Congratulations! You have been selected as a winner. Claim your prize now: http://prize-winner.net/claim,phishing,noreply853@suspicious-domain.com
2019-04-10 04:25:05.552776384,Your package is waiting,We need to confirm your identity. Please provide your account details: https://account-security.com/verify,phishing,noreply854@suspicious-domain.com
2019-04-12 00:15:50.875437712,Urgent: Verify your account,Your account will be suspended unless you update your payment information immediately. Click here: https://paypal-secure.verify-account.com,phishing,noreply855@suspicious-domain.com
2019-04-13 20:06:36.198099040,Reset your password now,Your account will be suspended unless you update your payment information immediately. Click here: https://paypal-secure.verify-account.com,phishing,noreply856@suspicious-domain.com
2019-04-15 15:57:21.520760368,Your package is waiting,Congratulations! You have been selected as a winner. Claim your prize now: http://prize-winner.net/claim,phishing,noreply857@suspicious-domain.com
2019-04-17 11:48:06.843421696,Confirm your identity immediately,"Dear valued customer, we have detected suspicious activity on your account. Please verify your identity by clicking the link below: http://secure-bank-verify.com/login",phishing,noreply858@suspicious-domain.com
2019-04-19 07:38:52.166083040,Unusual activity detected,"Dear valued customer, we have detected suspicious activity on your account. Please verify your identity by clicking the link below: http://secure-bank-verify.com/login",phishing,noreply859@suspicious-domain.com
2019-04-21 03:29:37.488744368,Your account has been compromised,"Dear valued customer, we have detected suspicious activity on your account. Please verify your identity by clicking the link below: http://secure-bank-verify.com/login",phishing,noreply860@suspicious-domain.com
2019-04-22 23:20:22.811405696,Reset your password now,Your account will be suspended unless you update your payment information immediately. Click here: https://paypal-secure.verify-account.com,phishing,noreply861@suspicious-domain.com
2019-04-24 19:11:08.134067024,Click here to claim your prize,"Dear valued customer, we have detected suspicious activity on your account. Please verify your identity by clicking the link below: http://secure-bank-verify.com/login",phishing,noreply862@suspicious-domain.com
2019-04-26 15:01:53.456728352,Confirm your identity immediately,Your package is ready for delivery. Track your shipment: http://tracking-express.com/package,phishing,noreply863@suspicious-domain.com
2019-04-28 10:52:38.779389680,Action required: Update payment information,We need to confirm your identity. Please provide your account details: https://account-security.com/verify,phishing,noreply864@suspicious-domain.com
2019-04-30 06:43:24.102051024,Your package is waiting,Your account will be suspended unless you update your payment information immediately. Click here: https://paypal-secure.verify-account.com,phishing,noreply865@suspicious-domain.com
2019-05-02 02:34:09.424712352,Click here to claim your prize,Congratulations! You have been selected as a winner. Claim your prize now: http://prize-winner.net/claim,phishing,noreply866@suspicious-domain.com
2019-05-03 22:24:54.747373680,Your package is waiting,Congratulations! You have been selected as a winner. Claim your prize now: http://prize-winner.net/claim,phishing,noreply867@suspicious-domain.com
2019-05-05 18:15:40.070035008,Important security alert,We need to confirm your identity. Please provide your account details: https://account-security.com/verify,phishing,noreply868@suspicious-domain.com
2019-05-07 14:06:25.392696336,Confirm your identity immediately,Your account will be suspended unless you update your payment information immediately. Click here: https://paypal-secure.verify-account.com,phishing,noreply869@suspicious-domain.com
2019-05-09 09:57:10.715357664,Important security alert,"Dear valued customer, we have detected suspicious activity on your account. Please verify your identity by clicking the link below: http://secure-bank-verify.com/login",phishing,noreply870@suspicious-domain.com
2019-05-11 05:47:56.038019008,Urgent: Verify your account,"Dear valued customer, we have detected suspicious activity on your account. Please verify your identity by clicking the link below: http://secure-bank-verify.com/login",phishing,noreply871@suspicious-domain.com
2019-05-13 01:38:41.360680336,Important security alert,Your package is ready for delivery. Track your shipment: http://tracking-express.com/package,phishing,noreply872@suspicious-domain.com
2019-05-14 21:29:26.683341664,Urgent: Verify your account,Your package is ready for delivery. Track your shipment: http://tracking-express.com/package,phishing,noreply873@suspicious-domain.com
2019-05-16 17:20:12.006002992,Urgent: Verify your account,"Dear valued customer, we have detected suspicious activity on your account. Please verify your identity by clicking the link below: http://secure-bank-verify.com/login",phishing,noreply874@suspicious-domain.com
2019-05-18 13:10:57.328664320,Click here to claim your prize,Congratulations! You have been selected as a winner. Claim your prize now: http://prize-winner.net/claim,phishing,noreply875@suspicious-domain.com
2019-05-20 09:01:42.651325648,Your package is waiting,Congratulations! You have been selected as a winner. Claim your prize now: http://prize-winner.net/claim,phishing,noreply876@suspicious-domain.com
2019-05-22 04:52:27.973986992,Action required: Update payment information,Your package is ready for delivery. Track your shipment: http://tracking-express.com/package,phishing,noreply877@suspicious-domain.com
2019-05-24 00:43:13.296648320,Important security alert,We need to confirm your identity. Please provide your account details: https://account-security.com/verify,phishing,noreply878@suspicious-domain.com
2019-05-25 20:33:58.619309648,Confirm your identity immediately,"Dear valued customer, we have detected suspicious activity on your account. Please verify your identity by clicking the link below: http://secure-bank-verify.com/login",phishing,noreply879@suspicious-domain.com
2019-05-27 16:24:43.941970976,Urgent: Verify your account,Your package is ready for delivery. Track your shipment: http://tracking-express.com/package,phishing,noreply880@suspicious-domain.com
2019-05-29 12:15:29.264632304,Your package is waiting,Your package is ready for delivery. Track your shipment: http://tracking-express.com/package,phishing,noreply881@suspicious-domain.com
2019-05-31 08:06:14.587293632,Your account has been compromised,"Dear valued customer, we have detected suspicious activity on your account. Please verify your identity by clicking the link below: http://secure-bank-verify.com/login",phishing,noreply882@suspicious-domain.com
2019-06-02 03:56:59.909954976,Reset your password now,"Dear valued customer, we have detected suspicious activity on your account. Please verify your identity by clicking the link below: http://secure-bank-verify.com/login",phishing,noreply883@suspicious-domain.com
2019-06-03 23:47:45.232616304,Click here to claim your prize,Congratulations! You have been selected as a winner. Claim your prize now: http://prize-winner.net/claim,phishing,noreply884@suspicious-domain.com
2019-06-05 19:38:30.555277632,Action required: Update payment information,We need to confirm your identity. Please provide your account details: https://account-security.com/verify,phishing,noreply885@suspicious-domain.com
2019-06-07 15:29:15.877938960,Congratulations! You've won,We need to confirm your identity. Please provide your account details: https://account-security.com/verify,phishing,noreply886@suspicious-domain.com
2019-06-09 11:20:01.200600288,Click here to claim your prize,"Dear valued customer, we have detected suspicious activity on your account. Please verify your identity by clicking the link below: http://secure-bank-verify.com/login",phishing,noreply887@suspicious-domain.com
2019-06-11 07:10:46.523261616,Your account has been compromised,Your account will be suspended unless you update your payment information immediately. Click here: https://paypal-secure.verify-account.com,phishing,noreply888@suspicious-domain.com
2019-06-13 03:01:31.845922960,Reset your password now,Your package is ready for delivery. Track your shipment: http://tracking-express.com/package,phishing,noreply889@suspicious-domain.com
2019-06-14 22:52:17.168584288,Your account has been compromised,Your package is ready for delivery. Track your shipment: http://tracking-express.com/package,phishing,noreply890@suspicious-domain.com
2019-06-16 18:43:02.491245616,Important security alert,"Dear valued customer, we have detected suspicious activity on your account. Please verify your identity by clicking the link below: http://secure-bank-verify.com/login",phishing,noreply891@suspicious-domain.com
2019-06-18 14:33:47.813906944,Urgent: Verify your account,Your account will be suspended unless you update your payment information immediately. Click here: https://paypal-secure.verify-account.com,phishing,noreply892@suspicious-domain.com
2019-06-20 10:24:33.136568272,Action required: Update payment information,Congratulations! You have been selected as a winner. Claim your prize now: http://prize-winner.net/claim,phishing,noreply893@suspicious-domain.com
2019-06-22 06:15:18.459229600,Unusual activity detected,"Dear valued customer, we have detected suspicious activity on your account. Please verify your identity by clicking the link below: http://secure-bank-verify.com/login",phishing,noreply894@suspicious-domain.com
2019-06-24 02:06:03.781890944,Urgent: Verify your account,"Dear valued customer, we have detected suspicious activity on your account. Please verify your identity by clicking the link below: http://secure-bank-verify.com/login",phishing,noreply895@suspicious-domain.com
2019-06-25 21:56:49.104552272,Unusual activity detected,Your package is ready for delivery. Track your shipment: http://tracking-express.com/package,phishing,noreply896@suspicious-domain.com
2019-06-27 17:47:34.427213600,Reset your password now,"Dear valued customer, we have detected suspicious activity on your account. Please verify your identity by clicking the link below: http://secure-bank-verify.com/login",phishing,noreply897@suspicious-domain.com
2019-06-29 13:38:19.749874928,Your package is waiting,"Dear valued customer, we have detected suspicious activity on your account. Please verify your identity by clicking the link below: http://secure-bank-verify.com/login",phishing,noreply898@suspicious-domain.com
2019-07-01 09:29:05.072536256,Congratulations! You've won,"Dear valued customer, we have detected suspicious activity on your account. Please verify your identity by clicking the link below: http://secure-bank-verify.com/login",phishing,noreply899@suspicious-domain.com
2019-07-03 05:19:50.395197584,Confirm your identity immediately,Your package is ready for delivery. Track your shipment: http://tracking-express.com/package,phishing,noreply900@suspicious-domain.com
2019-07-05 01:10:35.717858928,Urgent: Verify your account,Congratulations! You have been selected as a winner. Claim your prize now: http://prize-winner.net/claim,phishing,noreply901@suspicious-domain.com
2019-07-06 21:01:21.040520256,Action required: Update payment information,Congratulations! You have been selected as a winner. Claim your prize now: http://prize-winner.net/claim,phishing,noreply902@suspicious-domain.com
2019-07-08 16:52:06.363181584,Your account has been compromised,"Dear valued customer, we have detected suspicious activity on your account. Please verify your identity by clicking the link below: http://secure-bank-verify.com/login",phishing,noreply903@suspicious-domain.com
2019-07-10 12:42:51.685842912,Action required: Update payment information,Your package is ready for delivery. Track your shipment: http://tracking-express.com/package,phishing,noreply904@suspicious-domain.com
2019-07-12 08:33:37.008504240,Reset your password now,Congratulations! You have been selected as a winner. Claim your prize now: http://prize-winner.net/claim,phishing,noreply905@suspicious-domain.com
2019-07-14 04:24:22.331165568,Unusual activity detected,Congratulations! You have been selected as a winner. Claim your prize now: http://prize-winner.net/claim,phishing,noreply906@suspicious-domain.com
2019-07-16 00:15:07.653826912,Your account has been compromised,Congratulations! You have been selected as a winner. Claim your prize now: http://prize-winner.net/claim,phishing,noreply907@suspicious-domain.com
2019-07-17 20:05:52.976488240,Confirm your identity immediately,Your package is ready for delivery. Track your shipment: http://tracking-express.com/package,phishing,noreply908@suspicious-domain.com
2019-07-19 15:56:38.299149568,Confirm your identity immediately,Your package is ready for delivery. Track your shipment: http://tracking-express.com/package,phishing,noreply909@suspicious-domain.com
2019-07-21 11:47:23.621810896,Urgent: Verify your account,"Dear valued customer, we have detected suspicious activity on your account. Please verify your identity by clicking the link below: http://secure-bank-verify.com/login",phishing,noreply910@suspicious-domain.com
2019-07-23 07:38:08.944472224,Reset your password now,We need to confirm your identity. Please provide your account details: https://account-security.com/verify,phishing,noreply911@suspicious-domain.com
2019-07-25 03:28:54.267133552,Your package is waiting,Congratulations! You have been selected as a winner. Claim your prize now: http://prize-winner.net/claim,phishing,noreply912@suspicious-domain.com
2019-07-26 23:19:39.589794896,Reset your password now,We need to confirm your identity. Please provide your account details: https://account-security.com/verify,phishing,noreply913@suspicious-domain.com
2019-07-28 19:10:24.912456224,Unusual activity detected,Your package is ready for delivery. Track your shipment: http://tracking-express.com/package,phishing,noreply914@suspicious-domain.com
2019-07-30 15:01:10.235117536,Action required: Update payment information,Your package is ready for delivery. Track your shipment: http://tracking-express.com/package,phishing,noreply915@suspicious-domain.com
2019-08-01 10:51:55.557778880,Confirm your identity immediately,Your package is ready for delivery. Track your shipment: http://tracking-express.com/package,phishing,noreply916@suspicious-domain.com
2019-08-03 06:42:40.880440224,Action required: Update payment information,We need to confirm your identity. Please provide your account details: https://account-security.com/verify,phishing,noreply917@suspicious-domain.com
2019-08-05 02:33:26.203101536,Action required: Update payment information,Your package is ready for delivery. Track your shipment: http://tracking-express.com/package,phishing,noreply918@suspicious-domain.com
2019-08-06 22:24:11.525762880,Action required: Update payment information,"Dear valued customer, we have detected suspicious activity on your account. Please verify your identity by clicking the link below: http://secure-bank-verify.com/login",phishing,noreply919@suspicious-domain.com
2019-08-08 18:14:56.848424192,Confirm your identity immediately,Your package is ready for delivery. Track your shipment: http://tracking-express.com/package,phishing,noreply920@suspicious-domain.com
2019-08-10 14:05:42.171085536,Click here to claim your prize,Your account will be suspended unless you update your payment information immediately. Click here: https://paypal-secure.verify-account.com,phishing,noreply921@suspicious-domain.com
2019-08-12 09:56:27.493746880,Important security alert,We need to confirm your identity. Please provide your account details: https://account-security.com/verify,phishing,noreply922@suspicious-domain.com
2019-08-14 05:47:12.816408192,Unusual activity detected,Your account will be suspended unless you update your payment information immediately. Click here: https://paypal-secure.verify-account.com,phishing,noreply923@suspicious-domain.com
2019-08-16 01:37:58.139069536,Click here to claim your prize,Your package is ready for delivery. Track your shipment: http://tracking-express.com/package,phishing,noreply924@suspicious-domain.com
2019-08-17 21:28:43.461730848,Unusual activity detected,"Dear valued customer, we have detected suspicious activity on your account. Please verify your identity by clicking the link below: http://secure-bank-verify.com/login",phishing,noreply925@suspicious-domain.com
2019-08-19 17:19:28.784392192,Your account has been compromised,Congratulations! You have been selected as a winner. Claim your prize now: http://prize-winner.net/claim,phishing,noreply926@suspicious-domain.com
2019-08-21 13:10:14.107053504,Reset your password now,Your package is ready for delivery. Track your shipment: http://tracking-express.com/package,phishing,noreply927@suspicious-domain.com
2019-08-23 09:00:59.429714848,Reset your password now,"Dear valued customer, we have detected suspicious activity on your account. Please verify your identity by clicking the link below: http://secure-bank-verify.com/login",phishing,noreply928@suspicious-domain.com
2019-08-25 04:51:44.752376192,Congratulations! You've won,We need to confirm your identity. Please provide your account details: https://account-security.com/verify,phishing,noreply929@suspicious-domain.com
2019-08-27 00:42:30.075037504,Reset your password now,Your account will be suspended unless you update your payment information immediately. Click here: https://paypal-secure.verify-account.com,phishing,noreply930@suspicious-domain.com
2019-08-28 20:33:15.397698848,Confirm your identity immediately,Your account will be suspended unless you update your payment information immediately. Click here: https://paypal-secure.verify-account.com,phishing,noreply931@suspicious-domain.com
2019-08-30 16:24:00.720360160,Your package is waiting,Your account will be suspended unless you update your payment information immediately. Click here: https://paypal-secure.verify-account.com,phishing,noreply932@suspicious-domain.com
2019-09-01 12:14:46.043021504,Urgent: Verify your account,We need to confirm your identity. Please provide your account details: https://account-security.com/verify,phishing,noreply933@suspicious-domain.com
2019-09-03 08:05:31.365682848,Congratulations! You've won,"Dear valued customer, we have detected suspicious activity on your account. Please verify your identity by clicking the link below: http://secure-bank-verify.com/login",phishing,noreply934@suspicious-domain.com
2019-09-05 03:56:16.688344160,Urgent: Verify your account,We need to confirm your identity. Please provide your account details: https://account-security.com/verify,phishing,noreply935@suspicious-domain.com
2019-09-06 23:47:02.011005504,Unusual activity detected,Your account will be suspended unless you update your payment information immediately. Click here: https://paypal-secure.verify-account.com,phishing,noreply936@suspicious-domain.com
2019-09-08 19:37:47.333666816,Urgent: Verify your account,Your package is ready for delivery. Track your shipment: http://tracking-express.com/package,phishing,noreply937@suspicious-domain.com
2019-09-10 15:28:32.656328160,Urgent: Verify your account,Congratulations! You have been selected as a winner. Claim your prize now: http://prize-winner.net/claim,phishing,noreply938@suspicious-domain.com
2019-09-12 11:19:17.978989472,Congratulations! You've won,We need to confirm your identity. Please provide your account details: https://account-security.com/verify,phishing,noreply939@suspicious-domain.com
2019-09-14 07:10:03.301650816,Your account has been compromised,We need to confirm your identity. Please provide your account details: https://account-security.com/verify,phishing,noreply940@suspicious-domain.com
2019-09-16 03:00:48.624312160,Action required: Update payment information,"Dear valued customer, we have detected suspicious activity on your account. Please verify your identity by clicking the link below: http://secure-bank-verify.com/login",phishing,noreply941@suspicious-domain.com
2019-09-17 22:51:33.946973472,Reset your password now,"Dear valued customer, we have detected suspicious activity on your account. Please verify your identity by clicking the link below: http://secure-bank-verify.com/login",phishing,noreply942@suspicious-domain.com
2019-09-19 18:42:19.269634816,Reset your password now,We need to confirm your identity. Please provide your account details: https://account-security.com/verify,phishing,noreply943@suspicious-domain.com
2019-09-21 14:33:04.592296128,Confirm your identity immediately,Your account will be suspended unless you update your payment information immediately. Click here: https://paypal-secure.verify-account.com,phishing,noreply944@suspicious-domain.com
2019-09-23 10:23:49.914957472,Congratulations! You've won,Congratulations! You have been selected as a winner. Claim your prize now: http://prize-winner.net/claim,phishing,noreply945@suspicious-domain.com
2019-09-25 06:14:35.237618816,Confirm your identity immediately,"Dear valued customer, we have detected suspicious activity on your account. Please verify your identity by clicking the link below: http://secure-bank-verify.com/login",phishing,noreply946@suspicious-domain.com
2019-09-27 02:05:20.560280128,Your package is waiting,Your account will be suspended unless you update your payment information immediately. Click here: https://paypal-secure.verify-account.com,phishing,noreply947@suspicious-domain.com
2019-09-28 21:56:05.882941472,Your package is waiting,Your package is ready for delivery. Track your shipment: http://tracking-express.com/package,phishing,noreply948@suspicious-domain.com
2019-09-30 17:46:51.205602784,Confirm your identity immediately,"Dear valued customer, we have detected suspicious activity on your account. Please verify your identity by clicking the link below: http://secure-bank-verify.com/login",phishing,noreply949@suspicious-domain.com
2019-10-02 13:37:36.528264128,Congratulations! You've won,Your account will be suspended unless you update your payment information immediately. Click here: https://paypal-secure.verify-account.com,phishing,noreply950@suspicious-domain.com
2019-10-04 09:28:21.850925440,Confirm your identity immediately,Your account will be suspended unless you update your payment information immediately. Click here: https://paypal-secure.verify-account.com,phishing,noreply951@suspicious-domain.com
2019-10-06 05:19:07.173586784,Reset your password now,Congratulations! You have been selected as a winner. Claim your prize now: http://prize-winner.net/claim,phishing,noreply952@suspicious-domain.com
2019-10-08 01:09:52.496248128,Click here to claim your prize,Congratulations! You have been selected as a winner. Claim your prize now: http://prize-winner.net/claim,phishing,noreply953@suspicious-domain.com
2019-10-09 21:00:37.818909440,Important security alert,Your package is ready for delivery. Track your shipment: http://tracking-express.com/package,phishing,noreply954@suspicious-domain.com
2019-10-11 16:51:23.141570784,Urgent: Verify your account,Your account will be suspended unless you update your payment information immediately. Click here: https://paypal-secure.verify-account.com,phishing,noreply955@suspicious-domain.com
2019-10-13 12:42:08.464232096,Important security alert,Your account will be suspended unless you update your payment information immediately. Click here: https://paypal-secure.verify-account.com,phishing,noreply956@suspicious-domain.com
2019-10-15 08:32:53.786893440,Congratulations! You've won,Congratulations! You have been selected as a winner. Claim your prize now: http://prize-winner.net/claim,phishing,noreply957@suspicious-domain.com
2019-10-17 04:23:39.109554784,Important security alert,"Dear valued customer, we have detected suspicious activity on your account. Please verify your identity by clicking the link below: http://secure-bank-verify.com/login",phishing,noreply958@suspicious-domain.com
2019-10-19 00:14:24.432216096,Your package is waiting,"Dear valued customer, we have detected suspicious activity on your account. Please verify your identity by clicking the link below: http://secure-bank-verify.com/login",phishing,noreply959@suspicious-domain.com
2019-10-20 20:05:09.754877440,Unusual activity detected,We need to confirm your identity. Please provide your account details: https://account-security.com/verify,phishing,noreply960@suspicious-domain.com
2019-10-22 15:55:55.077538752,Urgent: Verify your account,Congratulations! You have been selected as a winner. Claim your prize now: http://prize-winner.net/claim,phishing,noreply961@suspicious-domain.com
2019-10-24 11:46:40.400200096,Action required: Update payment information,We need to confirm your identity. Please provide your account details: https://account-security.com/verify,phishing,noreply962@suspicious-domain.com
2019-10-26 07:37:25.722861408,Congratulations! You've won,Congratulations! You have been selected as a winner. Claim your prize now: http://prize-winner.net/claim,phishing,noreply963@suspicious-domain.com
2019-10-28 03:28:11.045522752,Urgent: Verify your account,Your package is ready for delivery. Track your shipment: http://tracking-express.com/package,phishing,noreply964@suspicious-domain.com
2019-10-29 23:18:56.368184096,Important security alert,Your account will be suspended unless you update your payment information immediately. Click here: https://paypal-secure.verify-account.com,phishing,noreply965@suspicious-domain.com
2019-10-31 19:09:41.690845408,Your package is waiting,Your package is ready for delivery. Track your shipment: http://tracking-express.com/package,phishing,noreply966@suspicious-domain.com
2019-11-02 15:00:27.013506752,Your account has been compromised,Congratulations! You have been selected as a winner. Claim your prize now: http://prize-winner.net/claim,phishing,noreply967@suspicious-domain.com
2019-11-04 10:51:12.336168064,Click here to claim your prize,Your account will be suspended unless you update your payment information immediately. Click here: https://paypal-secure.verify-account.com,phishing,noreply968@suspicious-domain.com
2019-11-06 06:41:57.658829408,Action required: Update payment information,"Dear valued customer, we have detected suspicious activity on your account. Please verify your identity by clicking the link below: http://secure-bank-verify.com/login",phishing,noreply969@suspicious-domain.com
2019-11-08 02:32:42.981490752,Click here to claim your prize,"Dear valued customer, we have detected suspicious activity on your account. Please verify your identity by clicking the link below: http://secure-bank-verify.com/login",phishing,noreply970@suspicious-domain.com
2019-11-09 22:23:28.304152064,Urgent: Verify your account,We need to confirm your identity. Please provide your account details: https://account-security.com/verify,phishing,noreply971@suspicious-domain.com
2019-11-11 18:14:13.626813408,Your package is waiting,Congratulations! You have been selected as a winner. Claim your prize now: http://prize-winner.net/claim,phishing,noreply972@suspicious-domain.com
2019-11-13 14:04:58.949474720,Your package is waiting,Congratulations! You have been selected as a winner. Claim your prize now: http://prize-winner.net/claim,phishing,noreply973@suspicious-domain.com
2019-11-15 09:55:44.272136064,Important security alert,"Dear valued customer, we have detected suspicious activity on your account. Please verify your identity by clicking the link below: http://secure-bank-verify.com/login",phishing,noreply974@suspicious-domain.com
2019-11-17 05:46:29.594797376,Reset your password now,Your package is ready for delivery. Track your shipment: http://tracking-express.com/package,phishing,noreply975@suspicious-domain.com
2019-11-19 01:37:14.917458720,Important security alert,Your account will be suspended unless you update your payment information immediately. Click here: https://paypal-secure.verify-account.com,phishing,noreply976@suspicious-domain.com
2019-11-20 21:28:00.240120064,Reset your password now,Your package is ready for delivery. Track your shipment: http://tracking-express.com/package,phishing,noreply977@suspicious-domain.com
2019-11-22 17:18:45.562781376,Reset your password now,Your package is ready for delivery. Track your shipment: http://tracking-express.com/package,phishing,noreply978@suspicious-domain.com
2019-11-24 13:09:30.885442720,Action required: Update payment information,"Dear valued customer, we have detected suspicious activity on your account. Please verify your identity by clicking the link below: http://secure-bank-verify.com/login",phishing,noreply979@suspicious-domain.com
2019-11-26 09:00:16.208104032,Important security alert,"Dear valued customer, we have detected suspicious activity on your account. Please verify your identity by clicking the link below: http://secure-bank-verify.com/login",phishing,noreply980@suspicious-domain.com
2019-11-28 04:51:01.530765376,Your account has been compromised,"Dear valued customer, we have detected suspicious activity on your account. Please verify your identity by clicking the link below: http://secure-bank-verify.com/login",phishing,noreply981@suspicious-domain.com
2019-11-30 00:41:46.853426720,Confirm your identity immediately,We need to confirm your identity. Please provide your account details: https://account-security.com/verify,phishing,noreply982@suspicious-domain.com
2019-12-01 20:32:32.176088032,Confirm your identity immediately,Your package is ready for delivery. Track your shipment: http://tracking-express.com/package,phishing,noreply983@suspicious-domain.com
2019-12-03 16:23:17.498749376,Important security alert,Congratulations! You have been selected as a winner. Claim your prize now: http://prize-winner.net/claim,phishing,noreply984@suspicious-domain.com
2019-12-05 12:14:02.821410688,Important security alert,Your account will be suspended unless you update your payment information immediately. Click here: https://paypal-secure.verify-account.com,phishing,noreply985@suspicious-domain.com
2019-12-07 08:04:48.144072032,Click here to claim your prize,We need to confirm your identity. Please provide your account details: https://account-security.com/verify,phishing,noreply986@suspicious-domain.com
2019-12-09 03:55:33.466733344,Action required: Update payment information,Congratulations! You have been selected as a winner. Claim your prize now: http://prize-winner.net/claim,phishing,noreply987@suspicious-domain.com
2019-12-10 23:46:18.789394688,Important security alert,Your package is ready for delivery. Track your shipment: http://tracking-express.com/package,phishing,noreply988@suspicious-domain.com
2019-12-12 19:37:04.112056032,Click here to claim your prize,"Dear valued customer, we have detected suspicious activity on your account. Please verify your identity by clicking the link below: http://secure-bank-verify.com/login",phishing,noreply989@suspicious-domain.com
2019-12-14 15:27:49.434717344,Reset your password now,Your package is ready for delivery. Track your shipment: http://tracking-express.com/package,phishing,noreply990@suspicious-domain.com
2019-12-16 11:18:34.757378688,Your package is waiting,Your account will be suspended unless you update your payment information immediately. Click here: https://paypal-secure.verify-account.com,phishing,noreply991@suspicious-domain.com
2019-12-18 07:09:20.080040000,Your package is waiting,We need to confirm your identity. Please provide your account details: https://account-security.com/verify,phishing,noreply992@suspicious-domain.com
2019-12-20 03:00:05.402701344,Reset your password now,We need to confirm your identity. Please provide your account details: https://account-security.com/verify,phishing,noreply993@suspicious-domain.com
2019-12-21 22:50:50.725362688,Congratulations! You've won,Your account will be suspended unless you update your payment information immediately. Click here: https://paypal-secure.verify-account.com,phishing,noreply994@suspicious-domain.com
2019-12-23 18:41:36.048024000,Click here to claim your prize,Congratulations! You have been selected as a winner. Claim your prize now: http://prize-winner.net/claim,phishing,noreply995@suspicious-domain.com
2019-12-25 14:32:21.370685344,Click here to claim your prize,Congratulations! You have been selected as a winner. Claim your prize now: http://prize-winner.net/claim,phishing,noreply996@suspicious-domain.com
2019-12-27 10:23:06.693346656,Reset your password now,We need to confirm your identity. Please provide your account details: https://account-security.com/verify,phishing,noreply997@suspicious-domain.com
2019-12-29 06:13:52.016008000,Your account has been compromised,We need to confirm your identity. Please provide your account details: https://account-security.com/verify,phishing,noreply998@suspicious-domain.com
2019-12-31 02:04:37.338669312,Unusual activity detected,"Dear valued customer, we have detected suspicious activity on your account. Please verify your identity by clicking the link below: http://secure-bank-verify.com/login",phishing,noreply999@suspicious-domain.com
2020-01-01 21:55:22.661330656,Urgent: Verify your account,Congratulations! You have been selected as a winner. Claim your prize now: http://prize-winner.net/claim,phishing,noreply1000@suspicious-domain.com
2020-01-03 17:46:07.983992000,Reset your password now,Your account will be suspended unless you update your payment information immediately. Click here: https://paypal-secure.verify-account.com,phishing,noreply1001@suspicious-domain.com
2020-01-05 13:36:53.306653312,Important security alert,Congratulations! You have been selected as a winner. Claim your prize now: http://prize-winner.net/claim,phishing,noreply1002@suspicious-domain.com
2020-01-07 09:27:38.629314656,Important security alert,"Dear valued customer, we have detected suspicious activity on your account. Please verify your identity by clicking the link below: http://secure-bank-verify.com/login",phishing,noreply1003@suspicious-domain.com
2020-01-09 05:18:23.951975968,Action required: Update payment information,We need to confirm your identity. Please provide your account details: https://account-security.com/verify,phishing,noreply1004@suspicious-domain.com
2020-01-11 01:09:09.274637312,Reset your password now,We need to confirm your identity. Please provide your account details: https://account-security.com/verify,phishing,noreply1005@suspicious-domain.com
2020-01-12 20:59:54.597298656,Action required: Update payment information,"Dear valued customer, we have detected suspicious activity on your account. Please verify your identity by clicking the link below: http://secure-bank-verify.com/login",phishing,noreply1006@suspicious-domain.com
2020-01-14 16:50:39.919959968,Reset your password now,Your account will be suspended unless you update your payment information immediately. Click here: https://paypal-secure.verify-account.com,phishing,noreply1007@suspicious-domain.com
2020-01-16 12:41:25.242621312,Click here to claim your prize,We need to confirm your identity. Please provide your account details: https://account-security.com/verify,phishing,noreply1008@suspicious-domain.com
2020-01-18 08:32:10.565282624,Urgent: Verify your account,Your package is ready for delivery. Track your shipment: http://tracking-express.com/package,phishing,noreply1009@suspicious-domain.com
2020-01-20 04:22:55.887943968,Click here to claim your prize,We need to confirm your identity. Please provide your account details: https://account-security.com/verify,phishing,noreply1010@suspicious-domain.com
2020-01-22 00:13:41.210605280,Unusual activity detected,Your package is ready for delivery. Track your shipment: http://tracking-express.com/package,phishing,noreply1011@suspicious-domain.com
2020-01-23 20:04:26.533266624,Your package is waiting,"Dear valued customer, we have detected suspicious activity on your account. Please verify your identity by clicking the link below: http://secure-bank-verify.com/login",phishing,noreply1012@suspicious-domain.com
2020-01-25 15:55:11.855927968,Confirm your identity immediately,"Dear valued customer, we have detected suspicious activity on your account. Please verify your identity by clicking the link below: http://secure-bank-verify.com/login",phishing,noreply1013@suspicious-domain.com
2020-01-27 11:45:57.178589280,Reset your password now,We need to confirm your identity. Please provide your account details: https://account-security.com/verify,phishing,noreply1014@suspicious-domain.com
2020-01-29 07:36:42.501250624,Unusual activity detected,Congratulations! You have been selected as a winner. Claim your prize now: http://prize-winner.net/claim,phishing,noreply1015@suspicious-domain.com
2020-01-31 03:27:27.823911936,Your package is waiting,Your package is ready for delivery. Track your shipment: http://tracking-express.com/package,phishing,noreply1016@suspicious-domain.com
2020-02-01 23:18:13.146573280,Congratulations! You've won,Your account will be suspended unless you update your payment information immediately. Click here: https://paypal-secure.verify-account.com,phishing,noreply1017@suspicious-domain.com
2020-02-03 19:08:58.469234624,Urgent: Verify your account,We need to confirm your identity. Please provide your account details: https://account-security.com/verify,phishing,noreply1018@suspicious-domain.com
2020-02-05 14:59:43.791895936,Action required: Update payment information,Your account will be suspended unless you update your payment information immediately. Click here: https://paypal-secure.verify-account.com,phishing,noreply1019@suspicious-domain.com
2020-02-07 10:50:29.114557280,Action required: Update payment information,We need to confirm your identity. Please provide your account details: https://account-security.com/verify,phishing,noreply1020@suspicious-domain.com
2020-02-09 06:41:14.437218592,Click here to claim your prize,Congratulations! You have been selected as a winner. Claim your prize now: http://prize-winner.net/claim,phishing,noreply1021@suspicious-domain.com
2020-02-11 02:31:59.759879936,Important security alert,Congratulations! You have been selected as a winner. Claim your prize now: http://prize-winner.net/claim,phishing,noreply1022@suspicious-domain.com
2020-02-12 22:22:45.082541248,Your package is waiting,Congratulations! You have been selected as a winner. Claim your prize now: http://prize-winner.net/claim,phishing,noreply1023@suspicious-domain.com
2020-02-14 18:13:30.405202592,Congratulations! You've won,Congratulations! You have been selected as a winner. Claim your prize now: http://prize-winner.net/claim,phishing,noreply1024@suspicious-domain.com
2020-02-16 14:04:15.727863936,Unusual activity detected,"Dear valued customer, we have detected suspicious activity on your account. Please verify your identity by clicking the link below: http://secure-bank-verify.com/login",phishing,noreply1025@suspicious-domain.com
2020-02-18 09:55:01.050525248,Urgent: Verify your account,"Dear valued customer, we have detected suspicious activity on your account. Please verify your identity by clicking the link below: http://secure-bank-verify.com/login",phishing,noreply1026@suspicious-domain.com
2020-02-20 05:45:46.373186592,Your package is waiting,Your package is ready for delivery. Track your shipment: http://tracking-express.com/package,phishing,noreply1027@suspicious-domain.com
2020-02-22 01:36:31.695847904,Congratulations! You've won,Your account will be suspended unless you update your payment information immediately. Click here: https://paypal-secure.verify-account.com,phishing,noreply1028@suspicious-domain.com
2020-02-23 21:27:17.018509248,Confirm your identity immediately,We need to confirm your identity. Please provide your account details: https://account-security.com/verify,phishing,noreply1029@suspicious-domain.com
2020-02-25 17:18:02.341170560,Reset your password now,We need to confirm your identity. Please provide your account details: https://account-security.com/verify,phishing,noreply1030@suspicious-domain.com
2020-02-27 13:08:47.663831904,Action required: Update payment information,"Dear valued customer, we have detected suspicious activity on your account. Please verify your identity by clicking the link below: http://secure-bank-verify.com/login",phishing,noreply1031@suspicious-domain.com
2020-02-29 08:59:32.986493248,Unusual activity detected,We need to confirm your identity. Please provide your account details: https://account-security.com/verify,phishing,noreply1032@suspicious-domain.com
2020-03-02 04:50:18.309154560,Action required: Update payment information,"Dear valued customer, we have detected suspicious activity on your account. Please verify your identity by clicking the link below: http://secure-bank-verify.com/login",phishing,noreply1033@suspicious-domain.com
2020-03-04 00:41:03.631815904,Unusual activity detected,Your package is ready for delivery. Track your shipment: http://tracking-express.com/package,phishing,noreply1034@suspicious-domain.com
2020-03-05 20:31:48.954477216,Click here to claim your prize,Your account will be suspended unless you update your payment information immediately. Click here: https://paypal-secure.verify-account.com,phishing,noreply1035@suspicious-domain.com
2020-03-07 16:22:34.277138560,Important security alert,Your package is ready for delivery. Track your shipment: http://tracking-express.com/package,phishing,noreply1036@suspicious-domain.com
2020-03-09 12:13:19.599799904,Unusual activity detected,Congratulations! You have been selected as a winner. Claim your prize now: http://prize-winner.net/claim,phishing,noreply1037@suspicious-domain.com
2020-03-11 08:04:04.922461216,Action required: Update payment information,Congratulations! You have been selected as a winner. Claim your prize now: http://prize-winner.net/claim,phishing,noreply1038@suspicious-domain.com
2020-03-13 03:54:50.245122560,Click here to claim your prize,Congratulations! You have been selected as a winner. Claim your prize now: http://prize-winner.net/claim,phishing,noreply1039@suspicious-domain.com
2020-03-14 23:45:35.567783872,Unusual activity detected,Your package is ready for delivery. Track your shipment: http://tracking-express.com/package,phishing,noreply1040@suspicious-domain.com
2020-03-16 19:36:20.890445216,Confirm your identity immediately,We need to confirm your identity. Please provide your account details: https://account-security.com/verify,phishing,noreply1041@suspicious-domain.com
2020-03-18 15:27:06.213106528,Important security alert,Your account will be suspended unless you update your payment information immediately. Click here: https://paypal-secure.verify-account.com,phishing,noreply1042@suspicious-domain.com
2020-03-20 11:17:51.535767872,Unusual activity detected,Congratulations! You have been selected as a winner. Claim your prize now: http://prize-winner.net/claim,phishing,noreply1043@suspicious-domain.com
2020-03-22 07:08:36.858429216,Click here to claim your prize,Congratulations! You have been selected as a winner. Claim your prize now: http://prize-winner.net/claim,phishing,noreply1044@suspicious-domain.com
2020-03-24 02:59:22.181090528,Your package is waiting,Congratulations! You have been selected as a winner. Claim your prize now: http://prize-winner.net/claim,phishing,noreply1045@suspicious-domain.com
2020-03-25 22:50:07.503751872,Your account has been compromised,Your account will be suspended unless you update your payment information immediately. Click here: https://paypal-secure.verify-account.com,phishing,noreply1046@suspicious-domain.com
2020-03-27 18:40:52.826413184,Congratulations! You've won,Congratulations! You have been selected as a winner. Claim your prize now: http://prize-winner.net/claim,phishing,noreply1047@suspicious-domain.com
2020-03-29 14:31:38.149074528,Your account has been compromised,Your account will be suspended unless you update your payment information immediately. Click here: https://paypal-secure.verify-account.com,phishing,noreply1048@suspicious-domain.com
2020-03-31 10:22:23.471735872,Your account has been compromised,Congratulations! You have been selected as a winner. Claim your prize now: http://prize-winner.net/claim,phishing,noreply1049@suspicious-domain.com
2020-04-02 06:13:08.794397184,Urgent: Verify your account,Your package is ready for delivery. Track your shipment: http://tracking-express.com/package,phishing,noreply1050@suspicious-domain.com
2020-04-04 02:03:54.117058528,Confirm your identity immediately,Your package is ready for delivery. Track your shipment: http://tracking-express.com/package,phishing,noreply1051@suspicious-domain.com
2020-04-05 21:54:39.439719840,Your package is waiting,Your account will be suspended unless you update your payment information immediately. Click here: https://paypal-secure.verify-account.com,phishing,noreply1052@suspicious-domain.com
2020-04-07 17:45:24.762381184,Reset your password now,Your package is ready for delivery. Track your shipment: http://tracking-express.com/package,phishing,noreply1053@suspicious-domain.com
2020-04-09 13:36:10.085042496,Unusual activity detected,Your account will be suspended unless you update your payment information immediately. Click here: https://paypal-secure.verify-account.com,phishing,noreply1054@suspicious-domain.com
2020-04-11 09:26:55.407703840,Congratulations! You've won,Your package is ready for delivery. Track your shipment: http://tracking-express.com/package,phishing,noreply1055@suspicious-domain.com
2020-04-13 05:17:40.730365184,Important security alert,Your package is ready for delivery. Track your shipment: http://tracking-express.com/package,phishing,noreply1056@suspicious-domain.com
2020-04-15 01:08:26.053026496,Your package is waiting,Your account will be suspended unless you update your payment information immediately. Click here: https://paypal-secure.verify-account.com,phishing,noreply1057@suspicious-domain.com
2020-04-16 20:59:11.375687840,Action required: Update payment information,We need to confirm your identity. Please provide your account details: https://account-security.com/verify,phishing,noreply1058@suspicious-domain.com
2020-04-18 16:49:56.698349152,Reset your password now,Your package is ready for delivery. Track your shipment: http://tracking-express.com/package,phishing,noreply1059@suspicious-domain.com
2020-04-20 12:40:42.021010496,Urgent: Verify your account,Congratulations! You have been selected as a winner. Claim your prize now: http://prize-winner.net/claim,phishing,noreply1060@suspicious-domain.com
2020-04-22 08:31:27.343671840,Urgent: Verify your account,We need to confirm your identity. Please provide your account details: https://account-security.com/verify,phishing,noreply1061@suspicious-domain.com
2020-04-24 04:22:12.666333152,Your package is waiting,Your account will be suspended unless you update your payment information immediately. Click here: https://paypal-secure.verify-account.com,phishing,noreply1062@suspicious-domain.com
2020-04-26 00:12:57.988994496,Click here to claim your prize,We need to confirm your identity. Please provide your account details: https://account-security.com/verify,phishing,noreply1063@suspicious-domain.com
2020-04-27 20:03:43.311655808,Your account has been compromised,"Dear valued customer, we have detected suspicious activity on your account. Please verify your identity by clicking the link below: http://secure-bank-verify.com/login",phishing,noreply1064@suspicious-domain.com
2020-04-29 15:54:28.634317152,Action required: Update payment information,"Dear valued customer, we have detected suspicious activity on your account. Please verify your identity by clicking the link below: http://secure-bank-verify.com/login",phishing,noreply1065@suspicious-domain.com
2020-05-01 11:45:13.956978464,Urgent: Verify your account,Your package is ready for delivery. Track your shipment: http://tracking-express.com/package,phishing,noreply1066@suspicious-domain.com
2020-05-03 07:35:59.279639808,Congratulations! You've won,Your package is ready for delivery. Track your shipment: http://tracking-express.com/package,phishing,noreply1067@suspicious-domain.com
2020-05-05 03:26:44.602301152,Urgent: Verify your account,Congratulations! You have been selected as a winner. Claim your prize now: http://prize-winner.net/claim,phishing,noreply1068@suspicious-domain.com
2020-05-06 23:17:29.924962464,Important security alert,We need to confirm your identity. Please provide your account details: https://account-security.com/verify,phishing,noreply1069@suspicious-domain.com
2020-05-08 19:08:15.247623808,Unusual activity detected,"Dear valued customer, we have detected suspicious activity on your account. Please verify your identity by clicking the link below: http://secure-bank-verify.com/login",phishing,noreply1070@suspicious-domain.com
2020-05-10 14:59:00.570285120,Urgent: Verify your account,Your package is ready for delivery. Track your shipment: http://tracking-express.com/package,phishing,noreply1071@suspicious-domain.com
2020-05-12 10:49:45.892946464,Important security alert,We need to confirm your identity. Please provide your account details: https://account-security.com/verify,phishing,noreply1072@suspicious-domain.com
2020-05-14 06:40:31.215607808,Your package is waiting,Your package is ready for delivery. Track your shipment: http://tracking-express.com/package,phishing,noreply1073@suspicious-domain.com
2020-05-16 02:31:16.538269120,Your package is waiting,Your package is ready for delivery. Track your shipment: http://tracking-express.com/package,phishing,noreply1074@suspicious-domain.com
2020-05-17 22:22:01.860930464,Reset your password now,"Dear valued customer, we have detected suspicious activity on your account. Please verify your identity by clicking the link below: http://secure-bank-verify.com/login",phishing,noreply1075@suspicious-domain.com
2020-05-19 18:12:47.183591776,Urgent: Verify your account,"Dear valued customer, we have detected suspicious activity on your account. Please verify your identity by clicking the link below: http://secure-bank-verify.com/login",phishing,noreply1076@suspicious-domain.com
2020-05-21 14:03:32.506253120,Congratulations! You've won,Your package is ready for delivery. Track your shipment: http://tracking-express.com/package,phishing,noreply1077@suspicious-domain.com
2020-05-23 09:54:17.828914432,Urgent: Verify your account,Your account will be suspended unless you update your payment information immediately. Click here: https://paypal-secure.verify-account.com,phishing,noreply1078@suspicious-domain.com
2020-05-25 05:45:03.151575776,Congratulations! You've won,Your package is ready for delivery. Track your shipment: http://tracking-express.com/package,phishing,noreply1079@suspicious-domain.com
2020-05-27 01:35:48.474237120,Confirm your identity immediately,Your package is ready for delivery. Track your shipment: http://tracking-express.com/package,phishing,noreply1080@suspicious-domain.com
2020-05-28 21:26:33.796898432,Reset your password now,Congratulations! You have been selected as a winner. Claim your prize now: http://prize-winner.net/claim,phishing,noreply1081@suspicious-domain.com
2020-05-30 17:17:19.119559776,Confirm your identity immediately,Congratulations! You have been selected as a winner. Claim your prize now: http://prize-winner.net/claim,phishing,noreply1082@suspicious-domain.com
2020-06-01 13:08:04.442221088,Urgent: Verify your account,Congratulations! You have been selected as a winner. Claim your prize now: http://prize-winner.net/claim,phishing,noreply1083@suspicious-domain.com
2020-06-03 08:58:49.764882432,Reset your password now,Your account will be suspended unless you update your payment information immediately. Click here: https://paypal-secure.verify-account.com,phishing,noreply1084@suspicious-domain.com
2020-06-05 04:49:35.087543776,Confirm your identity immediately,Your account will be suspended unless you update your payment information immediately. Click here: https://paypal-secure.verify-account.com,phishing,noreply1085@suspicious-domain.com
2020-06-07 00:40:20.410205088,Your account has been compromised,Your package is ready for delivery. Track your shipment: http://tracking-express.com/package,phishing,noreply1086@suspicious-domain.com
2020-06-08 20:31:05.732866432,Urgent: Verify your account,Congratulations! You have been selected as a winner. Claim your prize now: http://prize-winner.net/claim,phishing,noreply1087@suspicious-domain.com
2020-06-10 16:21:51.055527744,Confirm your identity immediately,Your account will be suspended unless you update your payment information immediately. Click here: https://paypal-secure.verify-account.com,phishing,noreply1088@suspicious-domain.com
2020-06-12 12:12:36.378189088,Your account has been compromised,"Dear valued customer, we have detected suspicious activity on your account. Please verify your identity by clicking the link below: http://secure-bank-verify.com/login",phishing,noreply1089@suspicious-domain.com
2020-06-14 08:03:21.700850400,Your account has been compromised,Your package is ready for delivery. Track your shipment: http://tracking-express.com/package,phishing,noreply1090@suspicious-domain.com
2020-06-16 03:54:07.023511744,Your package is waiting,We need to confirm your identity. Please provide your account details: https://account-security.com/verify,phishing,noreply1091@suspicious-domain.com
2020-06-17 23:44:52.346173088,Urgent: Verify your account,Your package is ready for delivery. Track your shipment: http://tracking-express.com/package,phishing,noreply1092@suspicious-domain.com
2020-06-19 19:35:37.668834400,Your account has been compromised,We need to confirm your identity. Please provide your account details: https://account-security.com/verify,phishing,noreply1093@suspicious-domain.com
2020-06-21 15:26:22.991495744,Your package is waiting,Congratulations! You have been selected as a winner. Claim your prize now: http://prize-winner.net/claim,phishing,noreply1094@suspicious-domain.com
2020-06-23 11:17:08.314157056,Confirm your identity immediately,We need to confirm your identity. Please provide your account details: https://account-security.com/verify,phishing,noreply1095@suspicious-domain.com
2020-06-25 07:07:53.636818400,Important security alert,Congratulations! You have been selected as a winner. Claim your prize now: http://prize-winner.net/claim,phishing,noreply1096@suspicious-domain.com
2020-06-27 02:58:38.959479744,Urgent: Verify your account,"Dear valued customer, we have detected suspicious activity on your account. Please verify your identity by clicking the link below: http://secure-bank-verify.com/login",phishing,noreply1097@suspicious-domain.com
2020-06-28 22:49:24.282141056,Reset your password now,We need to confirm your identity. Please provide your account details: https://account-security.com/verify,phishing,noreply1098@suspicious-domain.com
2020-06-30 18:40:09.604802400,Congratulations! You've won,Your package is ready for delivery. Track your shipment: http://tracking-express.com/package,phishing,noreply1099@suspicious-domain.com
2020-07-02 14:30:54.927463712,Congratulations! You've won,Congratulations! You have been selected as a winner. Claim your prize now: http://prize-winner.net/claim,phishing,noreply1100@suspicious-domain.com
2020-07-04 10:21:40.250125056,Confirm your identity immediately,Your package is ready for delivery. Track your shipment: http://tracking-express.com/package,phishing,noreply1101@suspicious-domain.com
2020-07-06 06:12:25.572786368,Click here to claim your prize,Your account will be suspended unless you update your payment information immediately. Click here: https://paypal-secure.verify-account.com,phishing,noreply1102@suspicious-domain.com
2020-07-08 02:03:10.895447712,Click here to claim your prize,Congratulations! You have been selected as a winner. Claim your prize now: http://prize-winner.net/claim,phishing,noreply1103@suspicious-domain.com
2020-07-09 21:53:56.218109056,Confirm your identity immediately,We need to confirm your identity. Please provide your account details: https://account-security.com/verify,phishing,noreply1104@suspicious-domain.com
2020-07-11 17:44:41.540770368,Your account has been compromised,Congratulations! You have been selected as a winner. Claim your prize now: http://prize-winner.net/claim,phishing,noreply1105@suspicious-domain.com
2020-07-13 13:35:26.863431712,Urgent: Verify your account,Your package is ready for delivery. Track your shipment: http://tracking-express.com/package,phishing,noreply1106@suspicious-domain.com
2020-07-15 09:26:12.186093024,Congratulations! You've won,"Dear valued customer, we have detected suspicious activity on your account. Please verify your identity by clicking the link below: http://secure-bank-verify.com/login",phishing,noreply1107@suspicious-domain.com
2020-07-17 05:16:57.508754368,Congratulations! You've won,Congratulations! You have been selected as a winner. Claim your prize now: http://prize-winner.net/claim,phishing,noreply1108@suspicious-domain.com
2020-07-19 01:07:42.831415712,Your account has been compromised,We need to confirm your identity. Please provide your account details: https://account-security.com/verify,phishing,noreply1109@suspicious-domain.com
2020-07-20 20:58:28.154077024,Congratulations! You've won,Your account will be suspended unless you update your payment information immediately. Click here: https://paypal-secure.verify-account.com,phishing,noreply1110@suspicious-domain.com
2020-07-22 16:49:13.476738368,Reset your password now,"Dear valued customer, we have detected suspicious activity on your account. Please verify your identity by clicking the link below: http://secure-bank-verify.com/login",phishing,noreply1111@suspicious-domain.com
2020-07-24 12:39:58.799399680,Urgent: Verify your account,Your account will be suspended unless you update your payment information immediately. Click here: https://paypal-secure.verify-account.com,phishing,noreply1112@suspicious-domain.com
2020-07-26 08:30:44.122061024,Unusual activity detected,Congratulations! You have been selected as a winner. Claim your prize now: http://prize-winner.net/claim,phishing,noreply1113@suspicious-domain.com
2020-07-28 04:21:29.444722336,Congratulations! You've won,Your package is ready for delivery. Track your shipment: http://tracking-express.com/package,phishing,noreply1114@suspicious-domain.com
2020-07-30 00:12:14.767383680,Confirm your identity immediately,Your package is ready for delivery. Track your shipment: http://tracking-express.com/package,phishing,noreply1115@suspicious-domain.com
2020-07-31 20:03:00.090045024,Reset your password now,We need to confirm your identity. Please provide your account details: https://account-security.com/verify,phishing,noreply1116@suspicious-domain.com
2020-08-02 15:53:45.412706336,Congratulations! You've won,Your package is ready for delivery. Track your shipment: http://tracking-express.com/package,phishing,noreply1117@suspicious-domain.com
2020-08-04 11:44:30.735367680,Reset your password now,"Dear valued customer, we have detected suspicious activity on your account. Please verify your identity by clicking the link below: http://secure-bank-verify.com/login",phishing,noreply1118@suspicious-domain.com
2020-08-06 07:35:16.058028992,Your package is waiting,Your package is ready for delivery. Track your shipment: http://tracking-express.com/package,phishing,noreply1119@suspicious-domain.com
2020-08-08 03:26:01.380690336,Unusual activity detected,We need to confirm your identity. Please provide your account details: https://account-security.com/verify,phishing,noreply1120@suspicious-domain.com
2020-08-09 23:16:46.703351680,Action required: Update payment information,Congratulations! You have been selected as a winner. Claim your prize now: http://prize-winner.net/claim,phishing,noreply1121@suspicious-domain.com
2020-08-11 19:07:32.026012992,Confirm your identity immediately,Congratulations! You have been selected as a winner. Claim your prize now: http://prize-winner.net/claim,phishing,noreply1122@suspicious-domain.com
2020-08-13 14:58:17.348674336,Confirm your identity immediately,Your package is ready for delivery. Track your shipment: http://tracking-express.com/package,phishing,noreply1123@suspicious-domain.com
2020-08-15 10:49:02.671335648,Urgent: Verify your account,Your account will be suspended unless you update your payment information immediately. Click here: https://paypal-secure.verify-account.com,phishing,noreply1124@suspicious-domain.com
2020-08-17 06:39:47.993996992,Reset your password now,Congratulations! You have been selected as a winner. Claim your prize now: http://prize-winner.net/claim,phishing,noreply1125@suspicious-domain.com
2020-08-19 02:30:33.316658304,Your account has been compromised,Your package is ready for delivery. Track your shipment: http://tracking-express.com/package,phishing,noreply1126@suspicious-domain.com
2020-08-20 22:21:18.639319648,Confirm your identity immediately,We need to confirm your identity. Please provide your account details: https://account-security.com/verify,phishing,noreply1127@suspicious-domain.com
2020-08-22 18:12:03.961980992,Reset your password now,Your package is ready for delivery. Track your shipment: http://tracking-express.com/package,phishing,noreply1128@suspicious-domain.com
2020-08-24 14:02:49.284642304,Reset your password now,Congratulations! You have been selected as a winner. Claim your prize now: http://prize-winner.net/claim,phishing,noreply1129@suspicious-domain.com
2020-08-26 09:53:34.607303648,Important security alert,We need to confirm your identity. Please provide your account details: https://account-security.com/verify,phishing,noreply1130@suspicious-domain.com
2020-08-28 05:44:19.929964960,Important security alert,Your package is ready for delivery. Track your shipment: http://tracking-express.com/package,phishing,noreply1131@suspicious-domain.com
2020-08-30 01:35:05.252626304,Action required: Update payment information,"Dear valued customer, we have detected suspicious activity on your account. Please verify your identity by clicking the link below: http://secure-bank-verify.com/login",phishing,noreply1132@suspicious-domain.com
2020-08-31 21:25:50.575287648,Your package is waiting,We need to confirm your identity. Please provide your account details: https://account-security.com/verify,phishing,noreply1133@suspicious-domain.com
2020-09-02 17:16:35.897948960,Action required: Update payment information,"Dear valued customer, we have detected suspicious activity on your account. Please verify your identity by clicking the link below: http://secure-bank-verify.com/login",phishing,noreply1134@suspicious-domain.com
2020-09-04 13:07:21.220610304,Congratulations! You've won,Your account will be suspended unless you update your payment information immediately. Click here: https://paypal-secure.verify-account.com,phishing,noreply1135@suspicious-domain.com
2020-09-06 08:58:06.543271616,Your account has been compromised,We need to confirm your identity. Please provide your account details: https://account-security.com/verify,phishing,noreply1136@suspicious-domain.com
2020-09-08 04:48:51.865932960,Congratulations! You've won,"Dear valued customer, we have detected suspicious activity on your account. Please verify your identity by clicking the link below: http://secure-bank-verify.com/login",phishing,noreply1137@suspicious-domain.com
2020-09-10 00:39:37.188594272,Click here to claim your prize,Congratulations! You have been selected as a winner. Claim your prize now: http://prize-winner.net/claim,phishing,noreply1138@suspicious-domain.com
2020-09-11 20:30:22.511255616,Congratulations! You've won,Congratulations! You have been selected as a winner. Claim your prize now: http://prize-winner.net/claim,phishing,noreply1139@suspicious-domain.com
2020-09-13 16:21:07.833916960,Urgent: Verify your account,Your account will be suspended unless you update your payment information immediately. Click here: https://paypal-secure.verify-account.com,phishing,noreply1140@suspicious-domain.com
2020-09-15 12:11:53.156578272,Congratulations! You've won,We need to confirm your identity. Please provide your account details: https://account-security.com/verify,phishing,noreply1141@suspicious-domain.com
2020-09-17 08:02:38.479239616,Action required: Update payment information,We need to confirm your identity. Please provide your account details: https://account-security.com/verify,phishing,noreply1142@suspicious-domain.com
2020-09-19 03:53:23.801900928,Confirm your identity immediately,We need to confirm your identity. Please provide your account details: https://account-security.com/verify,phishing,noreply1143@suspicious-domain.com
2020-09-20 23:44:09.124562272,Confirm your identity immediately,Your account will be suspended unless you update your payment information immediately. Click here: https://paypal-secure.verify-account.com,phishing,noreply1144@suspicious-domain.com
2020-09-22 19:34:54.447223616,Important security alert,We need to confirm your identity. Please provide your account details: https://account-security.com/verify,phishing,noreply1145@suspicious-domain.com
2020-09-24 15:25:39.769884928,Your account has been compromised,Congratulations! You have been selected as a winner. Claim your prize now: http://prize-winner.net/claim,phishing,noreply1146@suspicious-domain.com
2020-09-26 11:16:25.092546272,Your account has been compromised,"Dear valued customer, we have detected suspicious activity on your account. Please verify your identity by clicking the link below: http://secure-bank-verify.com/login",phishing,noreply1147@suspicious-domain.com
2020-09-28 07:07:10.415207584,Urgent: Verify your account,Congratulations! You have been selected as a winner. Claim your prize now: http://prize-winner.net/claim,phishing,noreply1148@suspicious-domain.com
2020-09-30 02:57:55.737868928,Action required: Update payment information,Congratulations! You have been selected as a winner. Claim your prize now: http://prize-winner.net/claim,phishing,noreply1149@suspicious-domain.com
2020-10-01 22:48:41.060530240,Important security alert,"Dear valued customer, we have detected suspicious activity on your account. Please verify your identity by clicking the link below: http://secure-bank-verify.com/login",phishing,noreply1150@suspicious-domain.com
2020-10-03 18:39:26.383191584,Click here to claim your prize,Congratulations! You have been selected as a winner. Claim your prize now: http://prize-winner.net/claim,phishing,noreply1151@suspicious-domain.com
2020-10-05 14:30:11.705852928,Your account has been compromised,Your account will be suspended unless you update your payment information immediately. Click here: https://paypal-secure.verify-account.com,phishing,noreply1152@suspicious-domain.com
2020-10-07 10:20:57.028514240,Confirm your identity immediately,"Dear valued customer, we have detected suspicious activity on your account. Please verify your identity by clicking the link below: http://secure-bank-verify.com/login",phishing,noreply1153@suspicious-domain.com
2020-10-09 06:11:42.351175584,Congratulations! You've won,Congratulations! You have been selected as a winner. Claim your prize now: http://prize-winner.net/claim,phishing,noreply1154@suspicious-domain.com
2020-10-11 02:02:27.673836896,Congratulations! You've won,Your package is ready for delivery. Track your shipment: http://tracking-express.com/package,phishing,noreply1155@suspicious-domain.com
2020-10-12 21:53:12.996498240,Important security alert,Congratulations! You have been selected as a winner. Claim your prize now: http://prize-winner.net/claim,phishing,noreply1156@suspicious-domain.com
2020-10-14 17:43:58.319159584,Action required: Update payment information,Your account will be suspended unless you update your payment information immediately. Click here: https://paypal-secure.verify-account.com,phishing,noreply1157@suspicious-domain.com
2020-10-16 13:34:43.641820896,Action required: Update payment information,We need to confirm your identity. Please provide your account details: https://account-security.com/verify,phishing,noreply1158@suspicious-domain.com
2020-10-18 09:25:28.964482240,Your package is waiting,Congratulations! You have been selected as a winner. Claim your prize now: http://prize-winner.net/claim,phishing,noreply1159@suspicious-domain.com
2020-10-20 05:16:14.287143552,Unusual activity detected,We need to confirm your identity. Please provide your account details: https://account-security.com/verify,phishing,noreply1160@suspicious-domain.com
2020-10-22 01:06:59.609804896,Your account has been compromised,Your package is ready for delivery. Track your shipment: http://tracking-express.com/package,phishing,noreply1161@suspicious-domain.com
2020-10-23 20:57:44.932466208,Action required: Update payment information,Congratulations! You have been selected as a winner. Claim your prize now: http://prize-winner.net/claim,phishing,noreply1162@suspicious-domain.com
2020-10-25 16:48:30.255127552,Confirm your identity immediately,"Dear valued customer, we have detected suspicious activity on your account. Please verify your identity by clicking the link below: http://secure-bank-verify.com/login",phishing,noreply1163@suspicious-domain.com
2020-10-27 12:39:15.577788896,Important security alert,We need to confirm your identity. Please provide your account details: https://account-security.com/verify,phishing,noreply1164@suspicious-domain.com
2020-10-29 08:30:00.900450208,Click here to claim your prize,Your package is ready for delivery. Track your shipment: http://tracking-express.com/package,phishing,noreply1165@suspicious-domain.com
2020-10-31 04:20:46.223111552,Your package is waiting,"Dear valued customer, we have detected suspicious activity on your account. Please verify your identity by clicking the link below: http://secure-bank-verify.com/login",phishing,noreply1166@suspicious-domain.com
2020-11-02 00:11:31.545772864,Reset your password now,"Dear valued customer, we have detected suspicious activity on your account. Please verify your identity by clicking the link below: http://secure-bank-verify.com/login",phishing,noreply1167@suspicious-domain.com
2020-11-03 20:02:16.868434208,Urgent: Verify your account,"Dear valued customer, we have detected suspicious activity on your account. Please verify your identity by clicking the link below: http://secure-bank-verify.com/login",phishing,noreply1168@suspicious-domain.com
2020-11-05 15:53:02.191095552,Click here to claim your prize,"Dear valued customer, we have detected suspicious activity on your account. Please verify your identity by clicking the link below: http://secure-bank-verify.com/login",phishing,noreply1169@suspicious-domain.com
2020-11-07 11:43:47.513756864,Reset your password now,Congratulations! You have been selected as a winner. Claim your prize now: http://prize-winner.net/claim,phishing,noreply1170@suspicious-domain.com
2020-11-09 07:34:32.836418208,Congratulations! You've won,Congratulations! You have been selected as a winner. Claim your prize now: http://prize-winner.net/claim,phishing,noreply1171@suspicious-domain.com
2020-11-11 03:25:18.159079520,Urgent: Verify your account,Congratulations! You have been selected as a winner. Claim your prize now: http://prize-winner.net/claim,phishing,noreply1172@suspicious-domain.com
2020-11-12 23:16:03.481740864,Your account has been compromised,Your package is ready for delivery. Track your shipment: http://tracking-express.com/package,phishing,noreply1173@suspicious-domain.com
2020-11-14 19:06:48.804402176,Confirm your identity immediately,Your package is ready for delivery. Track your shipment: http://tracking-express.com/package,phishing,noreply1174@suspicious-domain.com
2020-11-16 14:57:34.127063520,Urgent: Verify your account,Your package is ready for delivery. Track your shipment: http://tracking-express.com/package,phishing,noreply1175@suspicious-domain.com
2020-11-18 10:48:19.449724864,Unusual activity detected,Your account will be suspended unless you update your payment information immediately. Click here: https://paypal-secure.verify-account.com,phishing,noreply1176@suspicious-domain.com
2020-11-20 06:39:04.772386176,Reset your password now,Your package is ready for delivery. Track your shipment: http://tracking-express.com/package,phishing,noreply1177@suspicious-domain.com
2020-11-22 02:29:50.095047520,Your account has been compromised,Congratulations! You have been selected as a winner. Claim your prize now: http://prize-winner.net/claim,phishing,noreply1178@suspicious-domain.com
2020-11-23 22:20:35.417708832,Unusual activity detected,Congratulations! You have been selected as a winner. Claim your prize now: http://prize-winner.net/claim,phishing,noreply1179@suspicious-domain.com
2020-11-25 18:11:20.740370176,Congratulations! You've won,Your account will be suspended unless you update your payment information immediately. Click here: https://paypal-secure.verify-account.com,phishing,noreply1180@suspicious-domain.com
2020-11-27 14:02:06.063031520,Unusual activity detected,Your account will be suspended unless you update your payment information immediately. Click here: https://paypal-secure.verify-account.com,phishing,noreply1181@suspicious-domain.com
2020-11-29 09:52:51.385692832,Your package is waiting,Your package is ready for delivery. Track your shipment: http://tracking-express.com/package,phishing,noreply1182@suspicious-domain.com
2020-12-01 05:43:36.708354176,Your package is waiting,We need to confirm your identity. Please provide your account details: https://account-security.com/verify,phishing,noreply1183@suspicious-domain.com
2020-12-03 01:34:22.031015488,Important security alert,Your account will be suspended unless you update your payment information immediately. Click here: https://paypal-secure.verify-account.com,phishing,noreply1184@suspicious-domain.com
2020-12-04 21:25:07.353676832,Click here to claim your prize,"Dear valued customer, we have detected suspicious activity on your account. Please verify your identity by clicking the link below: http://secure-bank-verify.com/login",phishing,noreply1185@suspicious-domain.com
2020-12-06 17:15:52.676338144,Click here to claim your prize,Congratulations! You have been selected as a winner. Claim your prize now: http://prize-winner.net/claim,phishing,noreply1186@suspicious-domain.com
2020-12-08 13:06:37.998999488,Your account has been compromised,"Dear valued customer, we have detected suspicious activity on your account. Please verify your identity by clicking the link below: http://secure-bank-verify.com/login",phishing,noreply1187@suspicious-domain.com
2020-12-10 08:57:23.321660832,Congratulations! You've won,Congratulations! You have been selected as a winner. Claim your prize now: http://prize-winner.net/claim,phishing,noreply1188@suspicious-domain.com
2020-12-12 04:48:08.644322144,Action required: Update payment information,Congratulations! You have been selected as a winner. Claim your prize now: http://prize-winner.net/claim,phishing,noreply1189@suspicious-domain.com
2020-12-14 00:38:53.966983488,Your package is waiting,Your account will be suspended unless you update your payment information immediately. Click here: https://paypal-secure.verify-account.com,phishing,noreply1190@suspicious-domain.com
2020-12-15 20:29:39.289644800,Your account has been compromised,Your account will be suspended unless you update your payment information immediately. Click here: https://paypal-secure.verify-account.com,phishing,noreply1191@suspicious-domain.com
2020-12-17 16:20:24.612306144,Action required: Update payment information,"Dear valued customer, we have detected suspicious activity on your account. Please verify your identity by clicking the link below: http://secure-bank-verify.com/login",phishing,noreply1192@suspicious-domain.com
2020-12-19 12:11:09.934967488,Click here to claim your prize,Congratulations! You have been selected as a winner. Claim your prize now: http://prize-winner.net/claim,phishing,noreply1193@suspicious-domain.com
2020-12-21 08:01:55.257628800,Important security alert,"Dear valued customer, we have detected suspicious activity on your account. Please verify your identity by clicking the link below: http://secure-bank-verify.com/login",phishing,noreply1194@suspicious-domain.com
2020-12-23 03:52:40.580290144,Unusual activity detected,We need to confirm your identity. Please provide your account details: https://account-security.com/verify,phishing,noreply1195@suspicious-domain.com
2020-12-24 23:43:25.902951456,Your package is waiting,"Dear valued customer, we have detected suspicious activity on your account. Please verify your identity by clicking the link below: http://secure-bank-verify.com/login",phishing,noreply1196@suspicious-domain.com
2020-12-26 19:34:11.225612800,Your account has been compromised,Your package is ready for delivery. Track your shipment: http://tracking-express.com/package,phishing,noreply1197@suspicious-domain.com
2020-12-28 15:24:56.548274112,Urgent: Verify your account,"Dear valued customer, we have detected suspicious activity on your account. Please verify your identity by clicking the link below: http://secure-bank-verify.com/login",phishing,noreply1198@suspicious-domain.com
2020-12-30 11:15:41.870935456,Action required: Update payment information,Your package is ready for delivery. Track your shipment: http://tracking-express.com/package,phishing,noreply1199@suspicious-domain.com
2021-01-01 07:06:27.193596800,Unusual activity detected,Your package is ready for delivery. Track your shipment: http://tracking-express.com/package,phishing,noreply1200@suspicious-domain.com
2021-01-03 02:57:12.516258112,Your package is waiting,Your package is ready for delivery. Track your shipment: http://tracking-express.com/package,phishing,noreply1201@suspicious-domain.com
2021-01-04 22:47:57.838919456,Click here to claim your prize,We need to confirm your identity. Please provide your account details: https://account-security.com/verify,phishing,noreply1202@suspicious-domain.com
2021-01-06 18:38:43.161580768,Congratulations! You've won,"Dear valued customer, we have detected suspicious activity on your account. Please verify your identity by clicking the link below: http://secure-bank-verify.com/login",phishing,noreply1203@suspicious-domain.com
2021-01-08 14:29:28.484242112,Action required: Update payment information,"Dear valued customer, we have detected suspicious activity on your account. Please verify your identity by clicking the link below: http://secure-bank-verify.com/login",phishing,noreply1204@suspicious-domain.com
2021-01-10 10:20:13.806903456,Click here to claim your prize,We need to confirm your identity. Please provide your account details: https://account-security.com/verify,phishing,noreply1205@suspicious-domain.com
2021-01-12 06:10:59.129564768,Your package is waiting,Congratulations! You have been selected as a winner. Claim your prize now: http://prize-winner.net/claim,phishing,noreply1206@suspicious-domain.com
2021-01-14 02:01:44.452226112,Action required: Update payment information,Your account will be suspended unless you update your payment information immediately. Click here: https://paypal-secure.verify-account.com,phishing,noreply1207@suspicious-domain.com
2021-01-15 21:52:29.774887424,Unusual activity detected,"Dear valued customer, we have detected suspicious activity on your account. Please verify your identity by clicking the link below: http://secure-bank-verify.com/login",phishing,noreply1208@suspicious-domain.com
2021-01-17 17:43:15.097548768,Your package is waiting,Your account will be suspended unless you update your payment information immediately. Click here: https://paypal-secure.verify-account.com,phishing,noreply1209@suspicious-domain.com
2021-01-19 13:34:00.420210080,Reset your password now,We need to confirm your identity. Please provide your account details: https://account-security.com/verify,phishing,noreply1210@suspicious-domain.com
2021-01-21 09:24:45.742871424,Your account has been compromised,Congratulations! You have been selected as a winner. Claim your prize now: http://prize-winner.net/claim,phishing,noreply1211@suspicious-domain.com
2021-01-23 05:15:31.065532768,Unusual activity detected,Congratulations! You have been selected as a winner. Claim your prize now: http://prize-winner.net/claim,phishing,noreply1212@suspicious-domain.com
2021-01-25 01:06:16.388194080,Action required: Update payment information,Congratulations! You have been selected as a winner. Claim your prize now: http://prize-winner.net/claim,phishing,noreply1213@suspicious-domain.com
2021-01-26 20:57:01.710855424,Congratulations! You've won,We need to confirm your identity. Please provide your account details: https://account-security.com/verify,phishing,noreply1214@suspicious-domain.com
2021-01-28 16:47:47.033516736,Click here to claim your prize,Your package is ready for delivery. Track your shipment: http://tracking-express.com/package,phishing,noreply1215@suspicious-domain.com
2021-01-30 12:38:32.356178080,Urgent: Verify your account,Your package is ready for delivery. Track your shipment: http://tracking-express.com/package,phishing,noreply1216@suspicious-domain.com
2021-02-01 08:29:17.678839424,Click here to claim your prize,Your account will be suspended unless you update your payment information immediately. Click here: https://paypal-secure.verify-account.com,phishing,noreply1217@suspicious-domain.com
2021-02-03 04:20:03.001500736,Action required: Update payment information,Your package is ready for delivery. Track your shipment: http://tracking-express.com/package,phishing,noreply1218@suspicious-domain.com
2021-02-05 00:10:48.324162080,Click here to claim your prize,Your package is ready for delivery. Track your shipment: http://tracking-express.com/package,phishing,noreply1219@suspicious-domain.com
2021-02-06 20:01:33.646823392,Your account has been compromised,Congratulations! You have been selected as a winner. Claim your prize now: http://prize-winner.net/claim,phishing,noreply1220@suspicious-domain.com
2021-02-08 15:52:18.969484736,Your package is waiting,Congratulations! You have been selected as a winner. Claim your prize now: http://prize-winner.net/claim,phishing,noreply1221@suspicious-domain.com
2021-02-10 11:43:04.292146048,Urgent: Verify your account,Your account will be suspended unless you update your payment information immediately. Click here: https://paypal-secure.verify-account.com,phishing,noreply1222@suspicious-domain.com
2021-02-12 07:33:49.614807392,Confirm your identity immediately,"Dear valued customer, we have detected suspicious activity on your account. Please verify your identity by clicking the link below: http://secure-bank-verify.com/login",phishing,noreply1223@suspicious-domain.com
2021-02-14 03:24:34.937468736,Action required: Update payment information,Your account will be suspended unless you update your payment information immediately. Click here: https://paypal-secure.verify-account.com,phishing,noreply1224@suspicious-domain.com
2021-02-15 23:15:20.260130048,Important security alert,Your account will be suspended unless you update your payment information immediately. Click here: https://paypal-secure.verify-account.com,phishing,noreply1225@suspicious-domain.com
2021-02-17 19:06:05.582791392,Confirm your identity immediately,We need to confirm your identity. Please provide your account details: https://account-security.com/verify,phishing,noreply1226@suspicious-domain.com
2021-02-19 14:56:50.905452704,Click here to claim your prize,We need to confirm your identity. Please provide your account details: https://account-security.com/verify,phishing,noreply1227@suspicious-domain.com
2021-02-21 10:47:36.228114048,Action required: Update payment information,Your account will be suspended unless you update your payment information immediately. Click here: https://paypal-secure.verify-account.com,phishing,noreply1228@suspicious-domain.com
2021-02-23 06:38:21.550775392,Reset your password now,Your account will be suspended unless you update your payment information immediately. Click here: https://paypal-secure.verify-account.com,phishing,noreply1229@suspicious-domain.com
2021-02-25 02:29:06.873436704,Important security alert,Your account will be suspended unless you update your payment information immediately. Click here: https://paypal-secure.verify-account.com,phishing,noreply1230@suspicious-domain.com
2021-02-26 22:19:52.196098048,Urgent: Verify your account,Your package is ready for delivery. Track your shipment: http://tracking-express.com/package,phishing,noreply1231@suspicious-domain.com
2021-02-28 18:10:37.518759360,Congratulations! You've won,We need to confirm your identity. Please provide your account details: https://account-security.com/verify,phishing,noreply1232@suspicious-domain.com
2021-03-02 14:01:22.841420704,Reset your password now,Your account will be suspended unless you update your payment information immediately. Click here: https://paypal-secure.verify-account.com,phishing,noreply1233@suspicious-domain.com
2021-03-04 09:52:08.164082016,Confirm your identity immediately,Congratulations! You have been selected as a winner. Claim your prize now: http://prize-winner.net/claim,phishing,noreply1234@suspicious-domain.com
2021-03-06 05:42:53.486743360,Your package is waiting,Congratulations! You have been selected as a winner. Claim your prize now: http://prize-winner.net/claim,phishing,noreply1235@suspicious-domain.com
2021-03-08 01:33:38.809404704,Your account has been compromised,Your package is ready for delivery. Track your shipment: http://tracking-express.com/package,phishing,noreply1236@suspicious-domain.com
2021-03-09 21:24:24.132066016,Congratulations! You've won,Your package is ready for delivery. Track your shipment: http://tracking-express.com/package,phishing,noreply1237@suspicious-domain.com
2021-03-11 17:15:09.454727360,Reset your password now,"Dear valued customer, we have detected suspicious activity on your account. Please verify your identity by clicking the link below: http://secure-bank-verify.com/login",phishing,noreply1238@suspicious-domain.com
2021-03-13 13:05:54.777388672,Your package is waiting,"Dear valued customer, we have detected suspicious activity on your account. Please verify your identity by clicking the link below: http://secure-bank-verify.com/login",phishing,noreply1239@suspicious-domain.com
2021-03-15 08:56:40.100050016,Your package is waiting,"Dear valued customer, we have detected suspicious activity on your account. Please verify your identity by clicking the link below: http://secure-bank-verify.com/login",phishing,noreply1240@suspicious-domain.com
2021-03-17 04:47:25.422711360,Action required: Update payment information,Your package is ready for delivery. Track your shipment: http://tracking-express.com/package,phishing,noreply1241@suspicious-domain.com
2021-03-19 00:38:10.745372672,Reset your password now,Your package is ready for delivery. Track your shipment: http://tracking-express.com/package,phishing,noreply1242@suspicious-domain.com
2021-03-20 20:28:56.068034016,Urgent: Verify your account,Your package is ready for delivery. Track your shipment: http://tracking-express.com/package,phishing,noreply1243@suspicious-domain.com
2021-03-22 16:19:41.390695328,Click here to claim your prize,Congratulations! You have been selected as a winner. Claim your prize now: http://prize-winner.net/claim,phishing,noreply1244@suspicious-domain.com
2021-03-24 12:10:26.713356672,Important security alert,Your package is ready for delivery. Track your shipment: http://tracking-express.com/package,phishing,noreply1245@suspicious-domain.com
2021-03-26 08:01:12.036017984,Important security alert,Congratulations! You have been selected as a winner. Claim your prize now: http://prize-winner.net/claim,phishing,noreply1246@suspicious-domain.com
2021-03-28 03:51:57.358679328,Confirm your identity immediately,"Dear valued customer, we have detected suspicious activity on your account. Please verify your identity by clicking the link below: http://secure-bank-verify.com/login",phishing,noreply1247@suspicious-domain.com
2021-03-29 23:42:42.681340672,Confirm your identity immediately,"Dear valued customer, we have detected suspicious activity on your account. Please verify your identity by clicking the link below: http://secure-bank-verify.com/login",phishing,noreply1248@suspicious-domain.com
2021-03-31 19:33:28.004001984,Important security alert,"Dear valued customer, we have detected suspicious activity on your account. Please verify your identity by clicking the link below: http://secure-bank-verify.com/login",phishing,noreply1249@suspicious-domain.com
2021-04-02 15:24:13.326663328,Urgent: Verify your account,Your account will be suspended unless you update your payment information immediately. Click here: https://paypal-secure.verify-account.com,phishing,noreply1250@suspicious-domain.com
2021-04-04 11:14:58.649324640,Your account has been compromised,Your account will be suspended unless you update your payment information immediately. Click here: https://paypal-secure.verify-account.com,phishing,noreply1251@suspicious-domain.com
2021-04-06 07:05:43.971985984,Unusual activity detected,We need to confirm your identity. Please provide your account details: https://account-security.com/verify,phishing,noreply1252@suspicious-domain.com
2021-04-08 02:56:29.294647328,Click here to claim your prize,We need to confirm your identity. Please provide your account details: https://account-security.com/verify,phishing,noreply1253@suspicious-domain.com
2021-04-09 22:47:14.617308640,Your account has been compromised,We need to confirm your identity. Please provide your account details: https://account-security.com/verify,phishing,noreply1254@suspicious-domain.com
2021-04-11 18:37:59.939969984,Action required: Update payment information,Your account will be suspended unless you update your payment information immediately. Click here: https://paypal-secure.verify-account.com,phishing,noreply1255@suspicious-domain.com
2021-04-13 14:28:45.262631296,Unusual activity detected,Your account will be suspended unless you update your payment information immediately. Click here: https://paypal-secure.verify-account.com,phishing,noreply1256@suspicious-domain.com
2021-04-15 10:19:30.585292640,Unusual activity detected,We need to confirm your identity. Please provide your account details: https://account-security.com/verify,phishing,noreply1257@suspicious-domain.com
2021-04-17 06:10:15.907953952,Reset your password now,We need to confirm your identity. Please provide your account details: https://account-security.com/verify,phishing,noreply1258@suspicious-domain.com
2021-04-19 02:01:01.230615296,Urgent: Verify your account,Your package is ready for delivery. Track your shipment: http://tracking-express.com/package,phishing,noreply1259@suspicious-domain.com
2021-04-20 21:51:46.553276640,Urgent: Verify your account,We need to confirm your identity. Please provide your account details: https://account-security.com/verify,phishing,noreply1260@suspicious-domain.com
2021-04-22 17:42:31.875937952,Unusual activity detected,Your package is ready for delivery. Track your shipment: http://tracking-express.com/package,phishing,noreply1261@suspicious-domain.com
2021-04-24 13:33:17.198599296,Reset your password now,Congratulations! You have been selected as a winner. Claim your prize now: http://prize-winner.net/claim,phishing,noreply1262@suspicious-domain.com
2021-04-26 09:24:02.521260608,Click here to claim your prize,Your account will be suspended unless you update your payment information immediately. Click here: https://paypal-secure.verify-account.com,phishing,noreply1263@suspicious-domain.com
2021-04-28 05:14:47.843921952,Unusual activity detected,We need to confirm your identity. Please provide your account details: https://account-security.com/verify,phishing,noreply1264@suspicious-domain.com
2021-04-30 01:05:33.166583296,Congratulations! You've won,Your account will be suspended unless you update your payment information immediately. Click here: https://paypal-secure.verify-account.com,phishing,noreply1265@suspicious-domain.com
2021-05-01 20:56:18.489244608,Confirm your identity immediately,Your account will be suspended unless you update your payment information immediately. Click here: https://paypal-secure.verify-account.com,phishing,noreply1266@suspicious-domain.com
2021-05-03 16:47:03.811905952,Confirm your identity immediately,Your account will be suspended unless you update your payment information immediately. Click here: https://paypal-secure.verify-account.com,phishing,noreply1267@suspicious-domain.com
2021-05-05 12:37:49.134567264,Your account has been compromised,Congratulations! You have been selected as a winner. Claim your prize now: http://prize-winner.net/claim,phishing,noreply1268@suspicious-domain.com
2021-05-07 08:28:34.457228608,Action required: Update payment information,"Dear valued customer, we have detected suspicious activity on your account. Please verify your identity by clicking the link below: http://secure-bank-verify.com/login",phishing,noreply1269@suspicious-domain.com
2021-05-09 04:19:19.779889920,Confirm your identity immediately,We need to confirm your identity. Please provide your account details: https://account-security.com/verify,phishing,noreply1270@suspicious-domain.com
2021-05-11 00:10:05.102551264,Your package is waiting,"Dear valued customer, we have detected suspicious activity on your account. Please verify your identity by clicking the link below: http://secure-bank-verify.com/login",phishing,noreply1271@suspicious-domain.com
2021-05-12 20:00:50.425212608,Your account has been compromised,"Dear valued customer, we have detected suspicious activity on your account. Please verify your identity by clicking the link below: http://secure-bank-verify.com/login",phishing,noreply1272@suspicious-domain.com
2021-05-14 15:51:35.747873920,Confirm your identity immediately,"Dear valued customer, we have detected suspicious activity on your account. Please verify your identity by clicking the link below: http://secure-bank-verify.com/login",phishing,noreply1273@suspicious-domain.com
2021-05-16 11:42:21.070535264,Action required: Update payment information,Your account will be suspended unless you update your payment information immediately. Click here: https://paypal-secure.verify-account.com,phishing,noreply1274@suspicious-domain.com
2021-05-18 07:33:06.393196576,Urgent: Verify your account,Your package is ready for delivery. Track your shipment: http://tracking-express.com/package,phishing,noreply1275@suspicious-domain.com
2021-05-20 03:23:51.715857920,Urgent: Verify your account,Your account will be suspended unless you update your payment information immediately. Click here: https://paypal-secure.verify-account.com,phishing,noreply1276@suspicious-domain.com
2021-05-21 23:14:37.038519264,Click here to claim your prize,Your account will be suspended unless you update your payment information immediately. Click here: https://paypal-secure.verify-account.com,phishing,noreply1277@suspicious-domain.com
2021-05-23 19:05:22.361180576,Unusual activity detected,"Dear valued customer, we have detected suspicious activity on your account. Please verify your identity by clicking the link below: http://secure-bank-verify.com/login",phishing,noreply1278@suspicious-domain.com
2021-05-25 14:56:07.683841920,Congratulations! You've won,Your account will be suspended unless you update your payment information immediately. Click here: https://paypal-secure.verify-account.com,phishing,noreply1279@suspicious-domain.com
2021-05-27 10:46:53.006503232,Urgent: Verify your account,"Dear valued customer, we have detected suspicious activity on your account. Please verify your identity by clicking the link below: http://secure-bank-verify.com/login",phishing,noreply1280@suspicious-domain.com
2021-05-29 06:37:38.329164576,Reset your password now,Your package is ready for delivery. Track your shipment: http://tracking-express.com/package,phishing,noreply1281@suspicious-domain.com
2021-05-31 02:28:23.651825888,Confirm your identity immediately,We need to confirm your identity. Please provide your account details: https://account-security.com/verify,phishing,noreply1282@suspicious-domain.com
2021-06-01 22:19:08.974487232,Reset your password now,"Dear valued customer, we have detected suspicious activity on your account. Please verify your identity by clicking the link below: http://secure-bank-verify.com/login",phishing,noreply1283@suspicious-domain.com
2021-06-03 18:09:54.297148576,Action required: Update payment information,Your package is ready for delivery. Track your shipment: http://tracking-express.com/package,phishing,noreply1284@suspicious-domain.com
2021-06-05 14:00:39.619809888,Urgent: Verify your account,We need to confirm your identity. Please provide your account details: https://account-security.com/verify,phishing,noreply1285@suspicious-domain.com
2021-06-07 09:51:24.942471232,Congratulations! You've won,Congratulations! You have been selected as a winner. Claim your prize now: http://prize-winner.net/claim,phishing,noreply1286@suspicious-domain.com
2021-06-09 05:42:10.265132544,Action required: Update payment information,"Dear valued customer, we have detected suspicious activity on your account. Please verify your identity by clicking the link below: http://secure-bank-verify.com/login",phishing,noreply1287@suspicious-domain.com
2021-06-11 01:32:55.587793888,Your package is waiting,"Dear valued customer, we have detected suspicious activity on your account. Please verify your identity by clicking the link below: http://secure-bank-verify.com/login",phishing,noreply1288@suspicious-domain.com
2021-06-12 21:23:40.910455200,Your package is waiting,Congratulations! You have been selected as a winner. Claim your prize now: http://prize-winner.net/claim,phishing,noreply1289@suspicious-domain.com
2021-06-14 17:14:26.233116544,Reset your password now,Congratulations! You have been selected as a winner. Claim your prize now: http://prize-winner.net/claim,phishing,noreply1290@suspicious-domain.com
2021-06-16 13:05:11.555777888,Unusual activity detected,"Dear valued customer, we have detected suspicious activity on your account. Please verify your identity by clicking the link below: http://secure-bank-verify.com/login",phishing,noreply1291@suspicious-domain.com
2021-06-18 08:55:56.878439200,Your account has been compromised,Congratulations! You have been selected as a winner. Claim your prize now: http://prize-winner.net/claim,phishing,noreply1292@suspicious-domain.com
2021-06-20 04:46:42.201100544,Unusual activity detected,Your account will be suspended unless you update your payment information immediately. Click here: https://paypal-secure.verify-account.com,phishing,noreply1293@suspicious-domain.com
2021-06-22 00:37:27.523761856,Click here to claim your prize,We need to confirm your identity. Please provide your account details: https://account-security.com/verify,phishing,noreply1294@suspicious-domain.com
2021-06-23 20:28:12.846423200,Unusual activity detected,We need to confirm your identity. Please provide your account details: https://account-security.com/verify,phishing,noreply1295@suspicious-domain.com
2021-06-25 16:18:58.169084544,Click here to claim your prize,We need to confirm your identity. Please provide your account details: https://account-security.com/verify,phishing,noreply1296@suspicious-domain.com
2021-06-27 12:09:43.491745856,Click here to claim your prize,Your account will be suspended unless you update your payment information immediately. Click here: https://paypal-secure.verify-account.com,phishing,noreply1297@suspicious-domain.com
2021-06-29 08:00:28.814407200,Congratulations! You've won,Congratulations! You have been selected as a winner. Claim your prize now: http://prize-winner.net/claim,phishing,noreply1298@suspicious-domain.com
2021-07-01 03:51:14.137068512,Urgent: Verify your account,Your package is ready for delivery. Track your shipment: http://tracking-express.com/package,phishing,noreply1299@suspicious-domain.com
2021-07-02 23:41:59.459729856,Congratulations! You've won,Congratulations! You have been selected as a winner. Claim your prize now: http://prize-winner.net/claim,phishing,noreply1300@suspicious-domain.com
2021-07-04 19:32:44.782391168,Click here to claim your prize,"Dear valued customer, we have detected suspicious activity on your account. Please verify your identity by clicking the link below: http://secure-bank-verify.com/login",phishing,noreply1301@suspicious-domain.com
2021-07-06 15:23:30.105052512,Action required: Update payment information,We need to confirm your identity. Please provide your account details: https://account-security.com/verify,phishing,noreply1302@suspicious-domain.com
2021-07-08 11:14:15.427713856,Your package is waiting,Congratulations! You have been selected as a winner. Claim your prize now: http://prize-winner.net/claim,phishing,noreply1303@suspicious-domain.com
2021-07-10 07:05:00.750375168,Click here to claim your prize,Your package is ready for delivery. Track your shipment: http://tracking-express.com/package,phishing,noreply1304@suspicious-domain.com
2021-07-12 02:55:46.073036512,Congratulations! You've won,"Dear valued customer, we have detected suspicious activity on your account. Please verify your identity by clicking the link below: http://secure-bank-verify.com/login",phishing,noreply1305@suspicious-domain.com
2021-07-13 22:46:31.395697824,Action required: Update payment information,Your account will be suspended unless you update your payment information immediately. Click here: https://paypal-secure.verify-account.com,phishing,noreply1306@suspicious-domain.com
2021-07-15 18:37:16.718359168,Congratulations! You've won,Your account will be suspended unless you update your payment information immediately. Click here: https://paypal-secure.verify-account.com,phishing,noreply1307@suspicious-domain.com
2021-07-17 14:28:02.041020512,Unusual activity detected,Your package is ready for delivery. Track your shipment: http://tracking-express.com/package,phishing,noreply1308@suspicious-domain.com
2021-07-19 10:18:47.363681824,Confirm your identity immediately,"Dear valued customer, we have detected suspicious activity on your account. Please verify your identity by clicking the link below: http://secure-bank-verify.com/login",phishing,noreply1309@suspicious-domain.com
2021-07-21 06:09:32.686343168,Reset your password now,We need to confirm your identity. Please provide your account details: https://account-security.com/verify,phishing,noreply1310@suspicious-domain.com
2021-07-23 02:00:18.009004480,Your account has been compromised,Congratulations! You have been selected as a winner. Claim your prize now: http://prize-winner.net/claim,phishing,noreply1311@suspicious-domain.com
2021-07-24 21:51:03.331665824,Congratulations! You've won,"Dear valued customer, we have detected suspicious activity on your account. Please verify your identity by clicking the link below: http://secure-bank-verify.com/login",phishing,noreply1312@suspicious-domain.com
2021-07-26 17:41:48.654327136,Your account has been compromised,Your account will be suspended unless you update your payment information immediately. Click here: https://paypal-secure.verify-account.com,phishing,noreply1313@suspicious-domain.com
2021-07-28 13:32:33.976988480,Important security alert,Your package is ready for delivery. Track your shipment: http://tracking-express.com/package,phishing,noreply1314@suspicious-domain.com
2021-07-30 09:23:19.299649824,Congratulations! You've won,Your package is ready for delivery. Track your shipment: http://tracking-express.com/package,phishing,noreply1315@suspicious-domain.com
2021-08-01 05:14:04.622311136,Confirm your identity immediately,Congratulations! You have been selected as a winner. Claim your prize now: http://prize-winner.net/claim,phishing,noreply1316@suspicious-domain.com
2021-08-03 01:04:49.944972480,Your account has been compromised,Your package is ready for delivery. Track your shipment: http://tracking-express.com/package,phishing,noreply1317@suspicious-domain.com
2021-08-04 20:55:35.267633792,Click here to claim your prize,Your package is ready for delivery. Track your shipment: http://tracking-express.com/package,phishing,noreply1318@suspicious-domain.com
2021-08-06 16:46:20.590295136,Congratulations! You've won,"Dear valued customer, we have detected suspicious activity on your account. Please verify your identity by clicking the link below: http://secure-bank-verify.com/login",phishing,noreply1319@suspicious-domain.com
2021-08-08 12:37:05.912956480,Urgent: Verify your account,We need to confirm your identity. Please provide your account details: https://account-security.com/verify,phishing,noreply1320@suspicious-domain.com
2021-08-10 08:27:51.235617792,Reset your password now,Congratulations! You have been selected as a winner. Claim your prize now: http://prize-winner.net/claim,phishing,noreply1321@suspicious-domain.com
2021-08-12 04:18:36.558279136,Confirm your identity immediately,"Dear valued customer, we have detected suspicious activity on your account. Please verify your identity by clicking the link below: http://secure-bank-verify.com/login",phishing,noreply1322@suspicious-domain.com
2021-08-14 00:09:21.880940448,Your account has been compromised,We need to confirm your identity. Please provide your account details: https://account-security.com/verify,phishing,noreply1323@suspicious-domain.com
2021-08-15 20:00:07.203601792,Confirm your identity immediately,"Dear valued customer, we have detected suspicious activity on your account. Please verify your identity by clicking the link below: http://secure-bank-verify.com/login",phishing,noreply1324@suspicious-domain.com
2021-08-17 15:50:52.526263104,Action required: Update payment information,"Dear valued customer, we have detected suspicious activity on your account. Please verify your identity by clicking the link below: http://secure-bank-verify.com/login",phishing,noreply1325@suspicious-domain.com
2021-08-19 11:41:37.848924448,Reset your password now,Your package is ready for delivery. Track your shipment: http://tracking-express.com/package,phishing,noreply1326@suspicious-domain.com
2021-08-21 07:32:23.171585792,Click here to claim your prize,We need to confirm your identity. Please provide your account details: https://account-security.com/verify,phishing,noreply1327@suspicious-domain.com
2021-08-23 03:23:08.494247104,Congratulations! You've won,Congratulations! You have been selected as a winner. Claim your prize now: http://prize-winner.net/claim,phishing,noreply1328@suspicious-domain.com
2021-08-24 23:13:53.816908448,Congratulations! You've won,Congratulations! You have been selected as a winner. Claim your prize now: http://prize-winner.net/claim,phishing,noreply1329@suspicious-domain.com
2021-08-26 19:04:39.139569760,Congratulations! You've won,We need to confirm your identity. Please provide your account details: https://account-security.com/verify,phishing,noreply1330@suspicious-domain.com
2021-08-28 14:55:24.462231104,Reset your password now,Your package is ready for delivery. Track your shipment: http://tracking-express.com/package,phishing,noreply1331@suspicious-domain.com
2021-08-30 10:46:09.784892448,Urgent: Verify your account,Your account will be suspended unless you update your payment information immediately. Click here: https://paypal-secure.verify-account.com,phishing,noreply1332@suspicious-domain.com
2021-09-01 06:36:55.107553760,Important security alert,"Dear valued customer, we have detected suspicious activity on your account. Please verify your identity by clicking the link below: http://secure-bank-verify.com/login",phishing,noreply1333@suspicious-domain.com
2021-09-03 02:27:40.430215104,Your package is waiting,Your package is ready for delivery. Track your shipment: http://tracking-express.com/package,phishing,noreply1334@suspicious-domain.com
2021-09-04 22:18:25.752876416,Unusual activity detected,We need to confirm your identity. Please provide your account details: https://account-security.com/verify,phishing,noreply1335@suspicious-domain.com
2021-09-06 18:09:11.075537760,Your account has been compromised,"Dear valued customer, we have detected suspicious activity on your account. Please verify your identity by clicking the link below: http://secure-bank-verify.com/login",phishing,noreply1336@suspicious-domain.com
2021-09-08 13:59:56.398199072,Urgent: Verify your account,Congratulations! You have been selected as a winner. Claim your prize now: http://prize-winner.net/claim,phishing,noreply1337@suspicious-domain.com
2021-09-10 09:50:41.720860416,Click here to claim your prize,Your account will be suspended unless you update your payment information immediately. Click here: https://paypal-secure.verify-account.com,phishing,noreply1338@suspicious-domain.com
2021-09-12 05:41:27.043521760,Your account has been compromised,Congratulations! You have been selected as a winner. Claim your prize now: http://prize-winner.net/claim,phishing,noreply1339@suspicious-domain.com
2021-09-14 01:32:12.366183072,Congratulations! You've won,We need to confirm your identity. Please provide your account details: https://account-security.com/verify,phishing,noreply1340@suspicious-domain.com
2021-09-15 21:22:57.688844416,Confirm your identity immediately,"Dear valued customer, we have detected suspicious activity on your account. Please verify your identity by clicking the link below: http://secure-bank-verify.com/login",phishing,noreply1341@suspicious-domain.com
2021-09-17 17:13:43.011505728,Click here to claim your prize,We need to confirm your identity. Please provide your account details: https://account-security.com/verify,phishing,noreply1342@suspicious-domain.com
2021-09-19 13:04:28.334167072,Your account has been compromised,"Dear valued customer, we have detected suspicious activity on your account. Please verify your identity by clicking the link below: http://secure-bank-verify.com/login",phishing,noreply1343@suspicious-domain.com
2021-09-21 08:55:13.656828416,Congratulations! You've won,Your package is ready for delivery. Track your shipment: http://tracking-express.com/package,phishing,noreply1344@suspicious-domain.com
2021-09-23 04:45:58.979489728,Your account has been compromised,Your account will be suspended unless you update your payment information immediately. Click here: https://paypal-secure.verify-account.com,phishing,noreply1345@suspicious-domain.com
2021-09-25 00:36:44.302151072,Confirm your identity immediately,Your package is ready for delivery. Track your shipment: http://tracking-express.com/package,phishing,noreply1346@suspicious-domain.com
2021-09-26 20:27:29.624812384,Congratulations! You've won,Your package is ready for delivery. Track your shipment: http://tracking-express.com/package,phishing,noreply1347@suspicious-domain.com
2021-09-28 16:18:14.947473728,Important security alert,We need to confirm your identity. Please provide your account details: https://account-security.com/verify,phishing,noreply1348@suspicious-domain.com
2021-09-30 12:09:00.270135040,Urgent: Verify your account,Your account will be suspended unless you update your payment information immediately. Click here: https://paypal-secure.verify-account.com,phishing,noreply1349@suspicious-domain.com
2021-10-02 07:59:45.592796384,Action required: Update payment information,"Dear valued customer, we have detected suspicious activity on your account. Please verify your identity by clicking the link below: http://secure-bank-verify.com/login",phishing,noreply1350@suspicious-domain.com
2021-10-04 03:50:30.915457728,Unusual activity detected,"Dear valued customer, we have detected suspicious activity on your account. Please verify your identity by clicking the link below: http://secure-bank-verify.com/login",phishing,noreply1351@suspicious-domain.com
2021-10-05 23:41:16.238119040,Reset your password now,Congratulations! You have been selected as a winner. Claim your prize now: http://prize-winner.net/claim,phishing,noreply1352@suspicious-domain.com
2021-10-07 19:32:01.560780384,Unusual activity detected,"Dear valued customer, we have detected suspicious activity on your account. Please verify your identity by clicking the link below: http://secure-bank-verify.com/login",phishing,noreply1353@suspicious-domain.com
2021-10-09 15:22:46.883441696,Click here to claim your prize,We need to confirm your identity. Please provide your account details: https://account-security.com/verify,phishing,noreply1354@suspicious-domain.com
2021-10-11 11:13:32.206103040,Unusual activity detected,Your package is ready for delivery. Track your shipment: http://tracking-express.com/package,phishing,noreply1355@suspicious-domain.com
2021-10-13 07:04:17.528764384,Congratulations! You've won,Your package is ready for delivery. Track your shipment: http://tracking-express.com/package,phishing,noreply1356@suspicious-domain.com
2021-10-15 02:55:02.851425696,Important security alert,Your package is ready for delivery. Track your shipment: http://tracking-express.com/package,phishing,noreply1357@suspicious-domain.com
2021-10-16 22:45:48.174087040,Action required: Update payment information,Your account will be suspended unless you update your payment information immediately. Click here: https://paypal-secure.verify-account.com,phishing,noreply1358@suspicious-domain.com
2021-10-18 18:36:33.496748352,Urgent: Verify your account,"Dear valued customer, we have detected suspicious activity on your account. Please verify your identity by clicking the link below: http://secure-bank-verify.com/login",phishing,noreply1359@suspicious-domain.com
2021-10-20 14:27:18.819409696,Urgent: Verify your account,We need to confirm your identity. Please provide your account details: https://account-security.com/verify,phishing,noreply1360@suspicious-domain.com
2021-10-22 10:18:04.142071008,Confirm your identity immediately,Your account will be suspended unless you update your payment information immediately. Click here: https://paypal-secure.verify-account.com,phishing,noreply1361@suspicious-domain.com
2021-10-24 06:08:49.464732352,Reset your password now,Congratulations! You have been selected as a winner. Claim your prize now: http://prize-winner.net/claim,phishing,noreply1362@suspicious-domain.com
2021-10-26 01:59:34.787393696,Your account has been compromised,We need to confirm your identity. Please provide your account details: https://account-security.com/verify,phishing,noreply1363@suspicious-domain.com
2021-10-27 21:50:20.110055008,Important security alert,We need to confirm your identity. Please provide your account details: https://account-security.com/verify,phishing,noreply1364@suspicious-domain.com
2021-10-29 17:41:05.432716352,Your account has been compromised,We need to confirm your identity. Please provide your account details: https://account-security.com/verify,phishing,noreply1365@suspicious-domain.com
2021-10-31 13:31:50.755377664,Action required: Update payment information,Your package is ready for delivery. Track your shipment: http://tracking-express.com/package,phishing,noreply1366@suspicious-domain.com
2021-11-02 09:22:36.078039008,Unusual activity detected,We need to confirm your identity. Please provide your account details: https://account-security.com/verify,phishing,noreply1367@suspicious-domain.com
2021-11-04 05:13:21.400700352,Urgent: Verify your account,"Dear valued customer, we have detected suspicious activity on your account. Please verify your identity by clicking the link below: http://secure-bank-verify.com/login",phishing,noreply1368@suspicious-domain.com
2021-11-06 01:04:06.723361664,Action required: Update payment information,We need to confirm your identity. Please provide your account details: https://account-security.com/verify,phishing,noreply1369@suspicious-domain.com
2021-11-07 20:54:52.046023008,Unusual activity detected,Your package is ready for delivery. Track your shipment: http://tracking-express.com/package,phishing,noreply1370@suspicious-domain.com
2021-11-09 16:45:37.368684320,Urgent: Verify your account,We need to confirm your identity. Please provide your account details: https://account-security.com/verify,phishing,noreply1371@suspicious-domain.com
2021-11-11 12:36:22.691345664,Unusual activity detected,Congratulations! You have been selected as a winner. Claim your prize now: http://prize-winner.net/claim,phishing,noreply1372@suspicious-domain.com
2021-11-13 08:27:08.014006976,Reset your password now,Congratulations! You have been selected as a winner. Claim your prize now: http://prize-winner.net/claim,phishing,noreply1373@suspicious-domain.com
2021-11-15 04:17:53.336668320,Important security alert,Your package is ready for delivery. Track your shipment: http://tracking-express.com/package,phishing,noreply1374@suspicious-domain.com
2021-11-17 00:08:38.659329664,Click here to claim your prize,"Dear valued customer, we have detected suspicious activity on your account. Please verify your identity by clicking the link below: http://secure-bank-verify.com/login",phishing,noreply1375@suspicious-domain.com
2021-11-18 19:59:23.981990976,Action required: Update payment information,"Dear valued customer, we have detected suspicious activity on your account. Please verify your identity by clicking the link below: http://secure-bank-verify.com/login",phishing,noreply1376@suspicious-domain.com
2021-11-20 15:50:09.304652320,Action required: Update payment information,Your account will be suspended unless you update your payment information immediately. Click here: https://paypal-secure.verify-account.com,phishing,noreply1377@suspicious-domain.com
2021-11-22 11:40:54.627313632,Your package is waiting,Your package is ready for delivery. Track your shipment: http://tracking-express.com/package,phishing,noreply1378@suspicious-domain.com
2021-11-24 07:31:39.949974976,Congratulations! You've won,We need to confirm your identity. Please provide your account details: https://account-security.com/verify,phishing,noreply1379@suspicious-domain.com
2021-11-26 03:22:25.272636320,Reset your password now,Your package is ready for delivery. Track your shipment: http://tracking-express.com/package,phishing,noreply1380@suspicious-domain.com
2021-11-27 23:13:10.595297632,Reset your password now,Your account will be suspended unless you update your payment information immediately. Click here: https://paypal-secure.verify-account.com,phishing,noreply1381@suspicious-domain.com
2021-11-29 19:03:55.917958976,Your account has been compromised,Your package is ready for delivery. Track your shipment: http://tracking-express.com/package,phishing,noreply1382@suspicious-domain.com
2021-12-01 14:54:41.240620288,Unusual activity detected,Your package is ready for delivery. Track your shipment: http://tracking-express.com/package,phishing,noreply1383@suspicious-domain.com
2021-12-03 10:45:26.563281632,Congratulations! You've won,Your account will be suspended unless you update your payment information immediately. Click here: https://paypal-secure.verify-account.com,phishing,noreply1384@suspicious-domain.com
2021-12-05 06:36:11.885942944,Important security alert,"Dear valued customer, we have detected suspicious activity on your account. Please verify your identity by clicking the link below: http://secure-bank-verify.com/login",phishing,noreply1385@suspicious-domain.com
2021-12-07 02:26:57.208604288,Important security alert,We need to confirm your identity. Please provide your account details: https://account-security.com/verify,phishing,noreply1386@suspicious-domain.com
2021-12-08 22:17:42.531265632,Reset your password now,Your account will be suspended unless you update your payment information immediately. Click here: https://paypal-secure.verify-account.com,phishing,noreply1387@suspicious-domain.com
2021-12-10 18:08:27.853926944,Important security alert,Congratulations! You have been selected as a winner. Claim your prize now: http://prize-winner.net/claim,phishing,noreply1388@suspicious-domain.com
2021-12-12 13:59:13.176588288,Your package is waiting,"Dear valued customer, we have detected suspicious activity on your account. Please verify your identity by clicking the link below: http://secure-bank-verify.com/login",phishing,noreply1389@suspicious-domain.com
2021-12-14 09:49:58.499249600,Action required: Update payment information,Congratulations! You have been selected as a winner. Claim your prize now: http://prize-winner.net/claim,phishing,noreply1390@suspicious-domain.com
2021-12-16 05:40:43.821910944,Confirm your identity immediately,"Dear valued customer, we have detected suspicious activity on your account. Please verify your identity by clicking the link below: http://secure-bank-verify.com/login",phishing,noreply1391@suspicious-domain.com
2021-12-18 01:31:29.144572288,Click here to claim your prize,We need to confirm your identity. Please provide your account details: https://account-security.com/verify,phishing,noreply1392@suspicious-domain.com
2021-12-19 21:22:14.467233600,Your account has been compromised,We need to confirm your identity. Please provide your account details: https://account-security.com/verify,phishing,noreply1393@suspicious-domain.com
2021-12-21 17:12:59.789894944,Unusual activity detected,Your package is ready for delivery. Track your shipment: http://tracking-express.com/package,phishing,noreply1394@suspicious-domain.com
2021-12-23 13:03:45.112556256,Click here to claim your prize,Congratulations! You have been selected as a winner. Claim your prize now: http://prize-winner.net/claim,phishing,noreply1395@suspicious-domain.com
2021-12-25 08:54:30.435217600,Unusual activity detected,"Dear valued customer, we have detected suspicious activity on your account. Please verify your identity by clicking the link below: http://secure-bank-verify.com/login",phishing,noreply1396@suspicious-domain.com
2021-12-27 04:45:15.757878912,Urgent: Verify your account,We need to confirm your identity. Please provide your account details: https://account-security.com/verify,phishing,noreply1397@suspicious-domain.com
2021-12-29 00:36:01.080540256,Click here to claim your prize,Your account will be suspended unless you update your payment information immediately. Click here: https://paypal-secure.verify-account.com,phishing,noreply1398@suspicious-domain.com
2021-12-30 20:26:46.403201600,Confirm your identity immediately,We need to confirm your identity. Please provide your account details: https://account-security.com/verify,phishing,noreply1399@suspicious-domain.com
2022-01-01 16:17:31.725862912,Reset your password now,Your account will be suspended unless you update your payment information immediately. Click here: https://paypal-secure.verify-account.com,phishing,noreply1400@suspicious-domain.com
2022-01-03 12:08:17.048524256,Your package is waiting,"Dear valued customer, we have detected suspicious activity on your account. Please verify your identity by clicking the link below: http://secure-bank-verify.com/login",phishing,noreply1401@suspicious-domain.com
2022-01-05 07:59:02.371185568,Action required: Update payment information,We need to confirm your identity. Please provide your account details: https://account-security.com/verify,phishing,noreply1402@suspicious-domain.com
2022-01-07 03:49:47.693846912,Action required: Update payment information,We need to confirm your identity. Please provide your account details: https://account-security.com/verify,phishing,noreply1403@suspicious-domain.com
2022-01-08 23:40:33.016508256,Your package is waiting,"Dear valued customer, we have detected suspicious activity on your account. Please verify your identity by clicking the link below: http://secure-bank-verify.com/login",phishing,noreply1404@suspicious-domain.com
2022-01-10 19:31:18.339169568,Congratulations! You've won,We need to confirm your identity. Please provide your account details: https://account-security.com/verify,phishing,noreply1405@suspicious-domain.com
2022-01-12 15:22:03.661830912,Urgent: Verify your account,Your account will be suspended unless you update your payment information immediately. Click here: https://paypal-secure.verify-account.com,phishing,noreply1406@suspicious-domain.com
2022-01-14 11:12:48.984492224,Unusual activity detected,We need to confirm your identity. Please provide your account details: https://account-security.com/verify,phishing,noreply1407@suspicious-domain.com
2022-01-16 07:03:34.307153568,Confirm your identity immediately,Congratulations! You have been selected as a winner. Claim your prize now: http://prize-winner.net/claim,phishing,noreply1408@suspicious-domain.com
2022-01-18 02:54:19.629814880,Important security alert,Your package is ready for delivery. Track your shipment: http://tracking-express.com/package,phishing,noreply1409@suspicious-domain.com
2022-01-19 22:45:04.952476224,Click here to claim your prize,Your account will be suspended unless you update your payment information immediately. Click here: https://paypal-secure.verify-account.com,phishing,noreply1410@suspicious-domain.com
2022-01-21 18:35:50.275137568,Urgent: Verify your account,Congratulations! You have been selected as a winner. Claim your prize now: http://prize-winner.net/claim,phishing,noreply1411@suspicious-domain.com
2022-01-23 14:26:35.597798880,Click here to claim your prize,"Dear valued customer, we have detected suspicious activity on your account. Please verify your identity by clicking the link below: http://secure-bank-verify.com/login",phishing,noreply1412@suspicious-domain.com
2022-01-25 10:17:20.920460224,Confirm your identity immediately,Your account will be suspended unless you update your payment information immediately. Click here: https://paypal-secure.verify-account.com,phishing,noreply1413@suspicious-domain.com
2022-01-27 06:08:06.243121536,Your account has been compromised,Your package is ready for delivery. Track your shipment: http://tracking-express.com/package,phishing,noreply1414@suspicious-domain.com
2022-01-29 01:58:51.565782880,Your account has been compromised,Your package is ready for delivery. Track your shipment: http://tracking-express.com/package,phishing,noreply1415@suspicious-domain.com
2022-01-30 21:49:36.888444224,Urgent: Verify your account,"Dear valued customer, we have detected suspicious activity on your account. Please verify your identity by clicking the link below: http://secure-bank-verify.com/login",phishing,noreply1416@suspicious-domain.com
2022-02-01 17:40:22.211105536,Reset your password now,"Dear valued customer, we have detected suspicious activity on your account. Please verify your identity by clicking the link below: http://secure-bank-verify.com/login",phishing,noreply1417@suspicious-domain.com
2022-02-03 13:31:07.533766880,Confirm your identity immediately,Your account will be suspended unless you update your payment information immediately. Click here: https://paypal-secure.verify-account.com,phishing,noreply1418@suspicious-domain.com
2022-02-05 09:21:52.856428192,Confirm your identity immediately,We need to confirm your identity. Please provide your account details: https://account-security.com/verify,phishing,noreply1419@suspicious-domain.com
2022-02-07 05:12:38.179089536,Your package is waiting,"Dear valued customer, we have detected suspicious activity on your account. Please verify your identity by clicking the link below: http://secure-bank-verify.com/login",phishing,noreply1420@suspicious-domain.com
2022-02-09 01:03:23.501750848,Reset your password now,We need to confirm your identity. Please provide your account details: https://account-security.com/verify,phishing,noreply1421@suspicious-domain.com
2022-02-10 20:54:08.824412192,Unusual activity detected,Congratulations! You have been selected as a winner. Claim your prize now: http://prize-winner.net/claim,phishing,noreply1422@suspicious-domain.com
2022-02-12 16:44:54.147073536,Unusual activity detected,Your package is ready for delivery. Track your shipment: http://tracking-express.com/package,phishing,noreply1423@suspicious-domain.com
2022-02-14 12:35:39.469734848,Important security alert,We need to confirm your identity. Please provide your account details: https://account-security.com/verify,phishing,noreply1424@suspicious-domain.com
2022-02-16 08:26:24.792396192,Action required: Update payment information,Your package is ready for delivery. Track your shipment: http://tracking-express.com/package,phishing,noreply1425@suspicious-domain.com
2022-02-18 04:17:10.115057504,Your account has been compromised,We need to confirm your identity. Please provide your account details: https://account-security.com/verify,phishing,noreply1426@suspicious-domain.com
2022-02-20 00:07:55.437718848,Unusual activity detected,Congratulations! You have been selected as a winner. Claim your prize now: http://prize-winner.net/claim,phishing,noreply1427@suspicious-domain.com
2022-02-21 19:58:40.760380192,Reset your password now,"Dear valued customer, we have detected suspicious activity on your account. Please verify your identity by clicking the link below: http://secure-bank-verify.com/login",phishing,noreply1428@suspicious-domain.com
2022-02-23 15:49:26.083041504,Confirm your identity immediately,Congratulations! You have been selected as a winner. Claim your prize now: http://prize-winner.net/claim,phishing,noreply1429@suspicious-domain.com
2022-02-25 11:40:11.405702848,Unusual activity detected,"Dear valued customer, we have detected suspicious activity on your account. Please verify your identity by clicking the link below: http://secure-bank-verify.com/login",phishing,noreply1430@suspicious-domain.com
2022-02-27 07:30:56.728364160,Confirm your identity immediately,"Dear valued customer, we have detected suspicious activity on your account. Please verify your identity by clicking the link below: http://secure-bank-verify.com/login",phishing,noreply1431@suspicious-domain.com
2022-03-01 03:21:42.051025504,Unusual activity detected,Your package is ready for delivery. Track your shipment: http://tracking-express.com/package,phishing,noreply1432@suspicious-domain.com
2022-03-02 23:12:27.373686816,Your account has been compromised,Congratulations! You have been selected as a winner. Claim your prize now: http://prize-winner.net/claim,phishing,noreply1433@suspicious-domain.com
2022-03-04 19:03:12.696348160,Click here to claim your prize,We need to confirm your identity. Please provide your account details: https://account-security.com/verify,phishing,noreply1434@suspicious-domain.com
2022-03-06 14:53:58.019009504,Unusual activity detected,Congratulations! You have been selected as a winner. Claim your prize now: http://prize-winner.net/claim,phishing,noreply1435@suspicious-domain.com
2022-03-08 10:44:43.341670816,Reset your password now,Your package is ready for delivery. Track your shipment: http://tracking-express.com/package,phishing,noreply1436@suspicious-domain.com
2022-03-10 06:35:28.664332160,Unusual activity detected,"Dear valued customer, we have detected suspicious activity on your account. Please verify your identity by clicking the link below: http://secure-bank-verify.com/login",phishing,noreply1437@suspicious-domain.com
2022-03-12 02:26:13.986993472,Action required: Update payment information,Your package is ready for delivery. Track your shipment: http://tracking-express.com/package,phishing,noreply1438@suspicious-domain.com
2022-03-13 22:16:59.309654816,Your account has been compromised,Your account will be suspended unless you update your payment information immediately. Click here: https://paypal-secure.verify-account.com,phishing,noreply1439@suspicious-domain.com
2022-03-15 18:07:44.632316160,Reset your password now,Your account will be suspended unless you update your payment information immediately. Click here: https://paypal-secure.verify-account.com,phishing,noreply1440@suspicious-domain.com
2022-03-17 13:58:29.954977472,Your package is waiting,We need to confirm your identity. Please provide your account details: https://account-security.com/verify,phishing,noreply1441@suspicious-domain.com
2022-03-19 09:49:15.277638816,Reset your password now,Your package is ready for delivery. Track your shipment: http://tracking-express.com/package,phishing,noreply1442@suspicious-domain.com
2022-03-21 05:40:00.600300128,Action required: Update payment information,We need to confirm your identity. Please provide your account details: https://account-security.com/verify,phishing,noreply1443@suspicious-domain.com
2022-03-23 01:30:45.922961472,Click here to claim your prize,We need to confirm your identity. Please provide your account details: https://account-security.com/verify,phishing,noreply1444@suspicious-domain.com
2022-03-24 21:21:31.245622784,Your account has been compromised,Your account will be suspended unless you update your payment information immediately. Click here: https://paypal-secure.verify-account.com,phishing,noreply1445@suspicious-domain.com
2022-03-26 17:12:16.568284128,Your package is waiting,We need to confirm your identity. Please provide your account details: https://account-security.com/verify,phishing,noreply1446@suspicious-domain.com
2022-03-28 13:03:01.890945472,Action required: Update payment information,Your account will be suspended unless you update your payment information immediately. Click here: https://paypal-secure.verify-account.com,phishing,noreply1447@suspicious-domain.com
2022-03-30 08:53:47.213606784,Action required: Update payment information,"Dear valued customer, we have detected suspicious activity on your account. Please verify your identity by clicking the link below: http://secure-bank-verify.com/login",phishing,noreply1448@suspicious-domain.com
2022-04-01 04:44:32.536268128,Urgent: Verify your account,Your package is ready for delivery. Track your shipment: http://tracking-express.com/package,phishing,noreply1449@suspicious-domain.com
2022-04-03 00:35:17.858929440,Your account has been compromised,We need to confirm your identity. Please provide your account details: https://account-security.com/verify,phishing,noreply1450@suspicious-domain.com
2022-04-04 20:26:03.181590784,Reset your password now,Your account will be suspended unless you update your payment information immediately. Click here: https://paypal-secure.verify-account.com,phishing,noreply1451@suspicious-domain.com
2022-04-06 16:16:48.504252128,Confirm your identity immediately,Congratulations! You have been selected as a winner. Claim your prize now: http://prize-winner.net/claim,phishing,noreply1452@suspicious-domain.com
2022-04-08 12:07:33.826913440,Click here to claim your prize,We need to confirm your identity. Please provide your account details: https://account-security.com/verify,phishing,noreply1453@suspicious-domain.com
2022-04-10 07:58:19.149574784,Confirm your identity immediately,"Dear valued customer, we have detected suspicious activity on your account. Please verify your identity by clicking the link below: http://secure-bank-verify.com/login",phishing,noreply1454@suspicious-domain.com
2022-04-12 03:49:04.472236096,Reset your password now,"Dear valued customer, we have detected suspicious activity on your account. Please verify your identity by clicking the link below: http://secure-bank-verify.com/login",phishing,noreply1455@suspicious-domain.com
2022-04-13 23:39:49.794897440,Reset your password now,Congratulations! You have been selected as a winner. Claim your prize now: http://prize-winner.net/claim,phishing,noreply1456@suspicious-domain.com
2022-04-15 19:30:35.117558752,Your account has been compromised,Your account will be suspended unless you update your payment information immediately. Click here: https://paypal-secure.verify-account.com,phishing,noreply1457@suspicious-domain.com
2022-04-17 15:21:20.440220096,Reset your password now,We need to confirm your identity. Please provide your account details: https://account-security.com/verify,phishing,noreply1458@suspicious-domain.com
2022-04-19 11:12:05.762881440,Urgent: Verify your account,Your account will be suspended unless you update your payment information immediately. Click here: https://paypal-secure.verify-account.com,phishing,noreply1459@suspicious-domain.com
2022-04-21 07:02:51.085542752,Your package is waiting,"Dear valued customer, we have detected suspicious activity on your account. Please verify your identity by clicking the link below: http://secure-bank-verify.com/login",phishing,noreply1460@suspicious-domain.com
2022-04-23 02:53:36.408204096,Reset your password now,Your account will be suspended unless you update your payment information immediately. Click here: https://paypal-secure.verify-account.com,phishing,noreply1461@suspicious-domain.com
2022-04-24 22:44:21.730865408,Confirm your identity immediately,"Dear valued customer, we have detected suspicious activity on your account. Please verify your identity by clicking the link below: http://secure-bank-verify.com/login",phishing,noreply1462@suspicious-domain.com
2022-04-26 18:35:07.053526752,Reset your password now,Your account will be suspended unless you update your payment information immediately. Click here: https://paypal-secure.verify-account.com,phishing,noreply1463@suspicious-domain.com
2022-04-28 14:25:52.376188096,Urgent: Verify your account,Congratulations! You have been selected as a winner. Claim your prize now: http://prize-winner.net/claim,phishing,noreply1464@suspicious-domain.com
2022-04-30 10:16:37.698849408,Unusual activity detected,Your package is ready for delivery. Track your shipment: http://tracking-express.com/package,phishing,noreply1465@suspicious-domain.com
2022-05-02 06:07:23.021510752,Unusual activity detected,Congratulations! You have been selected as a winner. Claim your prize now: http://prize-winner.net/claim,phishing,noreply1466@suspicious-domain.com
2022-05-04 01:58:08.344172064,Action required: Update payment information,Congratulations! You have been selected as a winner. Claim your prize now: http://prize-winner.net/claim,phishing,noreply1467@suspicious-domain.com
2022-05-05 21:48:53.666833408,Click here to claim your prize,Your package is ready for delivery. Track your shipment: http://tracking-express.com/package,phishing,noreply1468@suspicious-domain.com
2022-05-07 17:39:38.989494720,Important security alert,Your package is ready for delivery. Track your shipment: http://tracking-express.com/package,phishing,noreply1469@suspicious-domain.com
2022-05-09 13:30:24.312156064,Your package is waiting,We need to confirm your identity. Please provide your account details: https://account-security.com/verify,phishing,noreply1470@suspicious-domain.com
2022-05-11 09:21:09.634817408,Congratulations! You've won,We need to confirm your identity. Please provide your account details: https://account-security.com/verify,phishing,noreply1471@suspicious-domain.com
2022-05-13 05:11:54.957478720,Action required: Update payment information,Congratulations! You have been selected as a winner. Claim your prize now: http://prize-winner.net/claim,phishing,noreply1472@suspicious-domain.com
2022-05-15 01:02:40.280140064,Click here to claim your prize,Congratulations! You have been selected as a winner. Claim your prize now: http://prize-winner.net/claim,phishing,noreply1473@suspicious-domain.com
2022-05-16 20:53:25.602801376,Unusual activity detected,"Dear valued customer, we have detected suspicious activity on your account. Please verify your identity by clicking the link below: http://secure-bank-verify.com/login",phishing,noreply1474@suspicious-domain.com
2022-05-18 16:44:10.925462720,Confirm your identity immediately,"Dear valued customer, we have detected suspicious activity on your account. Please verify your identity by clicking the link below: http://secure-bank-verify.com/login",phishing,noreply1475@suspicious-domain.com
2022-05-20 12:34:56.248124064,Congratulations! You've won,We need to confirm your identity. Please provide your account details: https://account-security.com/verify,phishing,noreply1476@suspicious-domain.com
2022-05-22 08:25:41.570785376,Click here to claim your prize,We need to confirm your identity. Please provide your account details: https://account-security.com/verify,phishing,noreply1477@suspicious-domain.com
2022-05-24 04:16:26.893446720,Click here to claim your prize,"Dear valued customer, we have detected suspicious activity on your account. Please verify your identity by clicking the link below: http://secure-bank-verify.com/login",phishing,noreply1478@suspicious-domain.com
2022-05-26 00:07:12.216108032,Action required: Update payment information,"Dear valued customer, we have detected suspicious activity on your account. Please verify your identity by clicking the link below: http://secure-bank-verify.com/login",phishing,noreply1479@suspicious-domain.com
2022-05-27 19:57:57.538769376,Congratulations! You've won,Your account will be suspended unless you update your payment information immediately. Click here: https://paypal-secure.verify-account.com,phishing,noreply1480@suspicious-domain.com
2022-05-29 15:48:42.861430688,Your account has been compromised,Your account will be suspended unless you update your payment information immediately. Click here: https://paypal-secure.verify-account.com,phishing,noreply1481@suspicious-domain.com
2022-05-31 11:39:28.184092032,Important security alert,"Dear valued customer, we have detected suspicious activity on your account. Please verify your identity by clicking the link below: http://secure-bank-verify.com/login",phishing,noreply1482@suspicious-domain.com
2022-06-02 07:30:13.506753376,Your account has been compromised,Your account will be suspended unless you update your payment information immediately. Click here: https://paypal-secure.verify-account.com,phishing,noreply1483@suspicious-domain.com
2022-06-04 03:20:58.829414688,Congratulations! You've won,Your package is ready for delivery. Track your shipment: http://tracking-express.com/package,phishing,noreply1484@suspicious-domain.com
2022-06-05 23:11:44.152076032,Your account has been compromised,We need to confirm your identity. Please provide your account details: https://account-security.com/verify,phishing,noreply1485@suspicious-domain.com
2022-06-07 19:02:29.474737344,Urgent: Verify your account,We need to confirm your identity. Please provide your account details: https://account-security.com/verify,phishing,noreply1486@suspicious-domain.com
2022-06-09 14:53:14.797398688,Unusual activity detected,"Dear valued customer, we have detected suspicious activity on your account. Please verify your identity by clicking the link below: http://secure-bank-verify.com/login",phishing,noreply1487@suspicious-domain.com
2022-06-11 10:44:00.120060032,Urgent: Verify your account,Congratulations! You have been selected as a winner. Claim your prize now: http://prize-winner.net/claim,phishing,noreply1488@suspicious-domain.com
2022-06-13 06:34:45.442721344,Reset your password now,"Dear valued customer, we have detected suspicious activity on your account. Please verify your identity by clicking the link below: http://secure-bank-verify.com/login",phishing,noreply1489@suspicious-domain.com
2022-06-15 02:25:30.765382688,Your account has been compromised,Your account will be suspended unless you update your payment information immediately. Click here: https://paypal-secure.verify-account.com,phishing,noreply1490@suspicious-domain.com
2022-06-16 22:16:16.088044000,Reset your password now,Congratulations! You have been selected as a winner. Claim your prize now: http://prize-winner.net/claim,phishing,noreply1491@suspicious-domain.com
2022-06-18 18:07:01.410705344,Confirm your identity immediately,Your account will be suspended unless you update your payment information immediately. Click here: https://paypal-secure.verify-account.com,phishing,noreply1492@suspicious-domain.com
2022-06-20 13:57:46.733366656,Your package is waiting,Your package is ready for delivery. Track your shipment: http://tracking-express.com/package,phishing,noreply1493@suspicious-domain.com
2022-06-22 09:48:32.056028000,Confirm your identity immediately,Your account will be suspended unless you update your payment information immediately. Click here: https://paypal-secure.verify-account.com,phishing,noreply1494@suspicious-domain.com
2022-06-24 05:39:17.378689344,Congratulations! You've won,Your package is ready for delivery. Track your shipment: http://tracking-express.com/package,phishing,noreply1495@suspicious-domain.com
2022-06-26 01:30:02.701350656,Click here to claim your prize,Your package is ready for delivery. Track your shipment: http://tracking-express.com/package,phishing,noreply1496@suspicious-domain.com
2022-06-27 21:20:48.024012000,Unusual activity detected,Your account will be suspended unless you update your payment information immediately. Click here: https://paypal-secure.verify-account.com,phishing,noreply1497@suspicious-domain.com
2022-06-29 17:11:33.346673312,Your account has been compromised,Your account will be suspended unless you update your payment information immediately. Click here: https://paypal-secure.verify-account.com,phishing,noreply1498@suspicious-domain.com
2022-07-01 13:02:18.669334656,Action required: Update payment information,Your package is ready for delivery. Track your shipment: http://tracking-express.com/package,phishing,noreply1499@suspicious-domain.com
2022-07-03 08:53:03.991996000,Your package is waiting,Congratulations! You have been selected as a winner. Claim your prize now: http://prize-winner.net/claim,phishing,noreply1500@suspicious-domain.com
2022-07-05 04:43:49.314657312,Important security alert,Your package is ready for delivery. Track your shipment: http://tracking-express.com/package,phishing,noreply1501@suspicious-domain.com
2022-07-07 00:34:34.637318656,Important security alert,We need to confirm your identity. Please provide your account details: https://account-security.com/verify,phishing,noreply1502@suspicious-domain.com
2022-07-08 20:25:19.959979968,Important security alert,Your package is ready for delivery. Track your shipment: http://tracking-express.com/package,phishing,noreply1503@suspicious-domain.com
2022-07-10 16:16:05.282641312,Your account has been compromised,Congratulations! You have been selected as a winner. Claim your prize now: http://prize-winner.net/claim,phishing,noreply1504@suspicious-domain.com
2022-07-12 12:06:50.605302624,Important security alert,We need to confirm your identity. Please provide your account details: https://account-security.com/verify,phishing,noreply1505@suspicious-domain.com
2022-07-14 07:57:35.927963968,Urgent: Verify your account,"Dear valued customer, we have detected suspicious activity on your account. Please verify your identity by clicking the link below: http://secure-bank-verify.com/login",phishing,noreply1506@suspicious-domain.com
2022-07-16 03:48:21.250625312,Your package is waiting,"Dear valued customer, we have detected suspicious activity on your account. Please verify your identity by clicking the link below: http://secure-bank-verify.com/login",phishing,noreply1507@suspicious-domain.com
2022-07-17 23:39:06.573286624,Urgent: Verify your account,Congratulations! You have been selected as a winner. Claim your prize now: http://prize-winner.net/claim,phishing,noreply1508@suspicious-domain.com
2022-07-19 19:29:51.895947968,Click here to claim your prize,Your package is ready for delivery. Track your shipment: http://tracking-express.com/package,phishing,noreply1509@suspicious-domain.com
2022-07-21 15:20:37.218609280,Your package is waiting,Your account will be suspended unless you update your payment information immediately. Click here: https://paypal-secure.verify-account.com,phishing,noreply1510@suspicious-domain.com
2022-07-23 11:11:22.541270624,Urgent: Verify your account,Congratulations! You have been selected as a winner. Claim your prize now: http://prize-winner.net/claim,phishing,noreply1511@suspicious-domain.com
2022-07-25 07:02:07.863931968,Your package is waiting,We need to confirm your identity. Please provide your account details: https://account-security.com/verify,phishing,noreply1512@suspicious-domain.com
2022-07-27 02:52:53.186593280,Click here to claim your prize,We need to confirm your identity. Please provide your account details: https://account-security.com/verify,phishing,noreply1513@suspicious-domain.com
2022-07-28 22:43:38.509254624,Reset your password now,"Dear valued customer, we have detected suspicious activity on your account. Please verify your identity by clicking the link below: http://secure-bank-verify.com/login",phishing,noreply1514@suspicious-domain.com
2022-07-30 18:34:23.831915936,Your account has been compromised,We need to confirm your identity. Please provide your account details: https://account-security.com/verify,phishing,noreply1515@suspicious-domain.com
2022-08-01 14:25:09.154577280,Your account has been compromised,Congratulations! You have been selected as a winner. Claim your prize now: http://prize-winner.net/claim,phishing,noreply1516@suspicious-domain.com
2022-08-03 10:15:54.477238592,Important security alert,We need to confirm your identity. Please provide your account details: https://account-security.com/verify,phishing,noreply1517@suspicious-domain.com
2022-08-05 06:06:39.799899936,Confirm your identity immediately,Congratulations! You have been selected as a winner. Claim your prize now: http://prize-winner.net/claim,phishing,noreply1518@suspicious-domain.com
2022-08-07 01:57:25.122561280,Important security alert,Your account will be suspended unless you update your payment information immediately. Click here: https://paypal-secure.verify-account.com,phishing,noreply1519@suspicious-domain.com
2022-08-08 21:48:10.445222592,Congratulations! You've won,"Dear valued customer, we have detected suspicious activity on your account. Please verify your identity by clicking the link below: http://secure-bank-verify.com/login",phishing,noreply1520@suspicious-domain.com
2022-08-10 17:38:55.767883936,Urgent: Verify your account,We need to confirm your identity. Please provide your account details: https://account-security.com/verify,phishing,noreply1521@suspicious-domain.com
2022-08-12 13:29:41.090545248,Your package is waiting,Congratulations! You have been selected as a winner. Claim your prize now: http://prize-winner.net/claim,phishing,noreply1522@suspicious-domain.com
2022-08-14 09:20:26.413206592,Confirm your identity immediately,Your package is ready for delivery. Track your shipment: http://tracking-express.com/package,phishing,noreply1523@suspicious-domain.com
2022-08-16 05:11:11.735867936,Click here to claim your prize,"Dear valued customer, we have detected suspicious activity on your account. Please verify your identity by clicking the link below: http://secure-bank-verify.com/login",phishing,noreply1524@suspicious-domain.com
2022-08-18 01:01:57.058529248,Congratulations! You've won,Your account will be suspended unless you update your payment information immediately. Click here: https://paypal-secure.verify-account.com,phishing,noreply1525@suspicious-domain.com
2022-08-19 20:52:42.381190592,Click here to claim your prize,Congratulations! You have been selected as a winner. Claim your prize now: http://prize-winner.net/claim,phishing,noreply1526@suspicious-domain.com
2022-08-21 16:43:27.703851904,Your account has been compromised,Your account will be suspended unless you update your payment information immediately. Click here: https://paypal-secure.verify-account.com,phishing,noreply1527@suspicious-domain.com
2022-08-23 12:34:13.026513248,Your account has been compromised,Your account will be suspended unless you update your payment information immediately. Click here: https://paypal-secure.verify-account.com,phishing,noreply1528@suspicious-domain.com
2022-08-25 08:24:58.349174560,Important security alert,We need to confirm your identity. Please provide your account details: https://account-security.com/verify,phishing,noreply1529@suspicious-domain.com
2022-08-27 04:15:43.671835904,Urgent: Verify your account,We need to confirm your identity. Please provide your account details: https://account-security.com/verify,phishing,noreply1530@suspicious-domain.com
2022-08-29 00:06:28.994497248,Confirm your identity immediately,Congratulations! You have been selected as a winner. Claim your prize now: http://prize-winner.net/claim,phishing,noreply1531@suspicious-domain.com
2022-08-30 19:57:14.317158560,Unusual activity detected,Your package is ready for delivery. Track your shipment: http://tracking-express.com/package,phishing,noreply1532@suspicious-domain.com
2022-09-01 15:47:59.639819904,Congratulations! You've won,Congratulations! You have been selected as a winner. Claim your prize now: http://prize-winner.net/claim,phishing,noreply1533@suspicious-domain.com
2022-09-03 11:38:44.962481216,Congratulations! You've won,Your package is ready for delivery. Track your shipment: http://tracking-express.com/package,phishing,noreply1534@suspicious-domain.com
2022-09-05 07:29:30.285142560,Important security alert,Your account will be suspended unless you update your payment information immediately. Click here: https://paypal-secure.verify-account.com,phishing,noreply1535@suspicious-domain.com
2022-09-07 03:20:15.607803904,Your account has been compromised,"Dear valued customer, we have detected suspicious activity on your account. Please verify your identity by clicking the link below: http://secure-bank-verify.com/login",phishing,noreply1536@suspicious-domain.com
2022-09-08 23:11:00.930465216,Important security alert,Congratulations! You have been selected as a winner. Claim your prize now: http://prize-winner.net/claim,phishing,noreply1537@suspicious-domain.com
2022-09-10 19:01:46.253126560,Your package is waiting,Congratulations! You have been selected as a winner. Claim your prize now: http://prize-winner.net/claim,phishing,noreply1538@suspicious-domain.com
2022-09-12 14:52:31.575787872,Confirm your identity immediately,Your package is ready for delivery. Track your shipment: http://tracking-express.com/package,phishing,noreply1539@suspicious-domain.com
2022-09-14 10:43:16.898449216,Urgent: Verify your account,Your account will be suspended unless you update your payment information immediately. Click here: https://paypal-secure.verify-account.com,phishing,noreply1540@suspicious-domain.com
2022-09-16 06:34:02.221110528,Reset your password now,Your account will be suspended unless you update your payment information immediately. Click here: https://paypal-secure.verify-account.com,phishing,noreply1541@suspicious-domain.com
2022-09-18 02:24:47.543771872,Action required: Update payment information,Your package is ready for delivery. Track your shipment: http://tracking-express.com/package,phishing,noreply1542@suspicious-domain.com
2022-09-19 22:15:32.866433216,Action required: Update payment information,Your account will be suspended unless you update your payment information immediately. Click here: https://paypal-secure.verify-account.com,phishing,noreply1543@suspicious-domain.com
2022-09-21 18:06:18.189094528,Important security alert,We need to confirm your identity. Please provide your account details: https://account-security.com/verify,phishing,noreply1544@suspicious-domain.com
2022-09-23 13:57:03.511755872,Your package is waiting,"Dear valued customer, we have detected suspicious activity on your account. Please verify your identity by clicking the link below: http://secure-bank-verify.com/login",phishing,noreply1545@suspicious-domain.com
2022-09-25 09:47:48.834417184,Confirm your identity immediately,Congratulations! You have been selected as a winner. Claim your prize now: http://prize-winner.net/claim,phishing,noreply1546@suspicious-domain.com
2022-09-27 05:38:34.157078528,Unusual activity detected,"Dear valued customer, we have detected suspicious activity on your account. Please verify your identity by clicking the link below: http://secure-bank-verify.com/login",phishing,noreply1547@suspicious-domain.com
2022-09-29 01:29:19.479739840,Action required: Update payment information,Congratulations! You have been selected as a winner. Claim your prize now: http://prize-winner.net/claim,phishing,noreply1548@suspicious-domain.com
2022-09-30 21:20:04.802401184,Confirm your identity immediately,We need to confirm your identity. Please provide your account details: https://account-security.com/verify,phishing,noreply1549@suspicious-domain.com
2022-10-02 17:10:50.125062528,Urgent: Verify your account,Your account will be suspended unless you update your payment information immediately. Click here: https://paypal-secure.verify-account.com,phishing,noreply1550@suspicious-domain.com
2022-10-04 13:01:35.447723840,Click here to claim your prize,Your package is ready for delivery. Track your shipment: http://tracking-express.com/package,phishing,noreply1551@suspicious-domain.com
2022-10-06 08:52:20.770385184,Your package is waiting,We need to confirm your identity. Please provide your account details: https://account-security.com/verify,phishing,noreply1552@suspicious-domain.com
2022-10-08 04:43:06.093046496,Your account has been compromised,"Dear valued customer, we have detected suspicious activity on your account. Please verify your identity by clicking the link below: http://secure-bank-verify.com/login",phishing,noreply1553@suspicious-domain.com
2022-10-10 00:33:51.415707840,Confirm your identity immediately,Your package is ready for delivery. Track your shipment: http://tracking-express.com/package,phishing,noreply1554@suspicious-domain.com
2022-10-11 20:24:36.738369184,Urgent: Verify your account,Your account will be suspended unless you update your payment information immediately. Click here: https://paypal-secure.verify-account.com,phishing,noreply1555@suspicious-domain.com
2022-10-13 16:15:22.061030496,Unusual activity detected,We need to confirm your identity. Please provide your account details: https://account-security.com/verify,phishing,noreply1556@suspicious-domain.com
2022-10-15 12:06:07.383691840,Reset your password now,Your package is ready for delivery. Track your shipment: http://tracking-express.com/package,phishing,noreply1557@suspicious-domain.com
2022-10-17 07:56:52.706353152,Your account has been compromised,We need to confirm your identity. Please provide your account details: https://account-security.com/verify,phishing,noreply1558@suspicious-domain.com
2022-10-19 03:47:38.029014496,Reset your password now,We need to confirm your identity. Please provide your account details: https://account-security.com/verify,phishing,noreply1559@suspicious-domain.com
2022-10-20 23:38:23.351675808,Unusual activity detected,Your account will be suspended unless you update your payment information immediately. Click here: https://paypal-secure.verify-account.com,phishing,noreply1560@suspicious-domain.com
2022-10-22 19:29:08.674337152,Urgent: Verify your account,Congratulations! You have been selected as a winner. Claim your prize now: http://prize-winner.net/claim,phishing,noreply1561@suspicious-domain.com
2022-10-24 15:19:53.996998496,Action required: Update payment information,Your package is ready for delivery. Track your shipment: http://tracking-express.com/package,phishing,noreply1562@suspicious-domain.com
2022-10-26 11:10:39.319659808,Reset your password now,Your account will be suspended unless you update your payment information immediately. Click here: https://paypal-secure.verify-account.com,phishing,noreply1563@suspicious-domain.com
2022-10-28 07:01:24.642321152,Your account has been compromised,We need to confirm your identity. Please provide your account details: https://account-security.com/verify,phishing,noreply1564@suspicious-domain.com
2022-10-30 02:52:09.964982464,Important security alert,Your account will be suspended unless you update your payment information immediately. Click here: https://paypal-secure.verify-account.com,phishing,noreply1565@suspicious-domain.com
2022-10-31 22:42:55.287643808,Congratulations! You've won,Congratulations! You have been selected as a winner. Claim your prize now: http://prize-winner.net/claim,phishing,noreply1566@suspicious-domain.com
2022-11-02 18:33:40.610305152,Confirm your identity immediately,Your package is ready for delivery. Track your shipment: http://tracking-express.com/package,phishing,noreply1567@suspicious-domain.com
2022-11-04 14:24:25.932966464,Action required: Update payment information,Congratulations! You have been selected as a winner. Claim your prize now: http://prize-winner.net/claim,phishing,noreply1568@suspicious-domain.com
2022-11-06 10:15:11.255627808,Reset your password now,"Dear valued customer, we have detected suspicious activity on your account. Please verify your identity by clicking the link below: http://secure-bank-verify.com/login",phishing,noreply1569@suspicious-domain.com
2022-11-08 06:05:56.578289120,Click here to claim your prize,Your package is ready for delivery. Track your shipment: http://tracking-express.com/package,phishing,noreply1570@suspicious-domain.com
2022-11-10 01:56:41.900950464,Confirm your identity immediately,Congratulations! You have been selected as a winner. Claim your prize now: http://prize-winner.net/claim,phishing,noreply1571@suspicious-domain.com
2022-11-11 21:47:27.223611776,Important security alert,We need to confirm your identity. Please provide your account details: https://account-security.com/verify,phishing,noreply1572@suspicious-domain.com
2022-11-13 17:38:12.546273120,Unusual activity detected,Your package is ready for delivery. Track your shipment: http://tracking-express.com/package,phishing,noreply1573@suspicious-domain.com
2022-11-15 13:28:57.868934464,Congratulations! You've won,Your package is ready for delivery. Track your shipment: http://tracking-express.com/package,phishing,noreply1574@suspicious-domain.com
2022-11-17 09:19:43.191595776,Urgent: Verify your account,Your account will be suspended unless you update your payment information immediately. Click here: https://paypal-secure.verify-account.com,phishing,noreply1575@suspicious-domain.com
2022-11-19 05:10:28.514257120,Important security alert,We need to confirm your identity. Please provide your account details: https://account-security.com/verify,phishing,noreply1576@suspicious-domain.com
2022-11-21 01:01:13.836918432,Important security alert,"Dear valued customer, we have detected suspicious activity on your account. Please verify your identity by clicking the link below: http://secure-bank-verify.com/login",phishing,noreply1577@suspicious-domain.com
2022-11-22 20:51:59.159579776,Unusual activity detected,Congratulations! You have been selected as a winner. Claim your prize now: http://prize-winner.net/claim,phishing,noreply1578@suspicious-domain.com
2022-11-24 16:42:44.482241120,Your package is waiting,Your account will be suspended unless you update your payment information immediately. Click here: https://paypal-secure.verify-account.com,phishing,noreply1579@suspicious-domain.com
2022-11-26 12:33:29.804902432,Unusual activity detected,Congratulations! You have been selected as a winner. Claim your prize now: http://prize-winner.net/claim,phishing,noreply1580@suspicious-domain.com
2022-11-28 08:24:15.127563776,Your package is waiting,"Dear valued customer, we have detected suspicious activity on your account. Please verify your identity by clicking the link below: http://secure-bank-verify.com/login",phishing,noreply1581@suspicious-domain.com
2022-11-30 04:15:00.450225088,Your package is waiting,"Dear valued customer, we have detected suspicious activity on your account. Please verify your identity by clicking the link below: http://secure-bank-verify.com/login",phishing,noreply1582@suspicious-domain.com
2022-12-02 00:05:45.772886432,Action required: Update payment information,Your package is ready for delivery. Track your shipment: http://tracking-express.com/package,phishing,noreply1583@suspicious-domain.com
2022-12-03 19:56:31.095547744,Action required: Update payment information,"Dear valued customer, we have detected suspicious activity on your account. Please verify your identity by clicking the link below: http://secure-bank-verify.com/login",phishing,noreply1584@suspicious-domain.com
2022-12-05 15:47:16.418209088,Your account has been compromised,Congratulations! You have been selected as a winner. Claim your prize now: http://prize-winner.net/claim,phishing,noreply1585@suspicious-domain.com
2022-12-07 11:38:01.740870432,Reset your password now,We need to confirm your identity. Please provide your account details: https://account-security.com/verify,phishing,noreply1586@suspicious-domain.com
2022-12-09 07:28:47.063531744,Reset your password now,We need to confirm your identity. Please provide your account details: https://account-security.com/verify,phishing,noreply1587@suspicious-domain.com
2022-12-11 03:19:32.386193088,Urgent: Verify your account,Your package is ready for delivery. Track your shipment: http://tracking-express.com/package,phishing,noreply1588@suspicious-domain.com
2022-12-12 23:10:17.708854400,Reset your password now,Congratulations! You have been selected as a winner. Claim your prize now: http://prize-winner.net/claim,phishing,noreply1589@suspicious-domain.com
2022-12-14 19:01:03.031515744,Action required: Update payment information,Congratulations! You have been selected as a winner. Claim your prize now: http://prize-winner.net/claim,phishing,noreply1590@suspicious-domain.com
2022-12-16 14:51:48.354177088,Your account has been compromised,"Dear valued customer, we have detected suspicious activity on your account. Please verify your identity by clicking the link below: http://secure-bank-verify.com/login",phishing,noreply1591@suspicious-domain.com
2022-12-18 10:42:33.676838400,Your account has been compromised,Congratulations! You have been selected as a winner. Claim your prize now: http://prize-winner.net/claim,phishing,noreply1592@suspicious-domain.com
2022-12-20 06:33:18.999499744,Your package is waiting,Your account will be suspended unless you update your payment information immediately. Click here: https://paypal-secure.verify-account.com,phishing,noreply1593@suspicious-domain.com
2022-12-22 02:24:04.322161056,Unusual activity detected,"Dear valued customer, we have detected suspicious activity on your account. Please verify your identity by clicking the link below: http://secure-bank-verify.com/login",phishing,noreply1594@suspicious-domain.com
2022-12-23 22:14:49.644822400,Urgent: Verify your account,Your account will be suspended unless you update your payment information immediately. Click here: https://paypal-secure.verify-account.com,phishing,noreply1595@suspicious-domain.com
2022-12-25 18:05:34.967483712,Your package is waiting,Your package is ready for delivery. Track your shipment: http://tracking-express.com/package,phishing,noreply1596@suspicious-domain.com
2022-12-27 13:56:20.290145056,Unusual activity detected,We need to confirm your identity. Please provide your account details: https://account-security.com/verify,phishing,noreply1597@suspicious-domain.com
2022-12-29 09:47:05.612806400,Reset your password now,Your package is ready for delivery. Track your shipment: http://tracking-express.com/package,phishing,noreply1598@suspicious-domain.com
2022-12-31 05:37:50.935467712,Your package is waiting,We need to confirm your identity. Please provide your account details: https://account-security.com/verify,phishing,noreply1599@suspicious-domain.com
2023-01-02 01:28:36.258129056,Confirm your identity immediately,Your package is ready for delivery. Track your shipment: http://tracking-express.com/package,phishing,noreply1600@suspicious-domain.com
2023-01-03 21:19:21.580790368,Reset your password now,Congratulations! You have been selected as a winner. Claim your prize now: http://prize-winner.net/claim,phishing,noreply1601@suspicious-domain.com
2023-01-05 17:10:06.903451712,Unusual activity detected,Your account will be suspended unless you update your payment information immediately. Click here: https://paypal-secure.verify-account.com,phishing,noreply1602@suspicious-domain.com
2023-01-07 13:00:52.226113056,Urgent: Verify your account,We need to confirm your identity. Please provide your account details: https://account-security.com/verify,phishing,noreply1603@suspicious-domain.com
2023-01-09 08:51:37.548774368,Unusual activity detected,"Dear valued customer, we have detected suspicious activity on your account. Please verify your identity by clicking the link below: http://secure-bank-verify.com/login",phishing,noreply1604@suspicious-domain.com
2023-01-11 04:42:22.871435712,Your package is waiting,Your account will be suspended unless you update your payment information immediately. Click here: https://paypal-secure.verify-account.com,phishing,noreply1605@suspicious-domain.com
2023-01-13 00:33:08.194097024,Your package is waiting,"Dear valued customer, we have detected suspicious activity on your account. Please verify your identity by clicking the link below: http://secure-bank-verify.com/login",phishing,noreply1606@suspicious-domain.com
2023-01-14 20:23:53.516758368,Important security alert,Your account will be suspended unless you update your payment information immediately. Click here: https://paypal-secure.verify-account.com,phishing,noreply1607@suspicious-domain.com
2023-01-16 16:14:38.839419680,Urgent: Verify your account,Your account will be suspended unless you update your payment information immediately. Click here: https://paypal-secure.verify-account.com,phishing,noreply1608@suspicious-domain.com
2023-01-18 12:05:24.162081024,Click here to claim your prize,Your package is ready for delivery. Track your shipment: http://tracking-express.com/package,phishing,noreply1609@suspicious-domain.com
2023-01-20 07:56:09.484742368,Reset your password now,We need to confirm your identity. Please provide your account details: https://account-security.com/verify,phishing,noreply1610@suspicious-domain.com
2023-01-22 03:46:54.807403680,Your account has been compromised,We need to confirm your identity. Please provide your account details: https://account-security.com/verify,phishing,noreply1611@suspicious-domain.com
2023-01-23 23:37:40.130065024,Urgent: Verify your account,Your account will be suspended unless you update your payment information immediately. Click here: https://paypal-secure.verify-account.com,phishing,noreply1612@suspicious-domain.com
2023-01-25 19:28:25.452726336,Your account has been compromised,Congratulations! You have been selected as a winner. Claim your prize now: http://prize-winner.net/claim,phishing,noreply1613@suspicious-domain.com
2023-01-27 15:19:10.775387680,Urgent: Verify your account,Congratulations! You have been selected as a winner. Claim your prize now: http://prize-winner.net/claim,phishing,noreply1614@suspicious-domain.com
2023-01-29 11:09:56.098049024,Urgent: Verify your account,"Dear valued customer, we have detected suspicious activity on your account. Please verify your identity by clicking the link below: http://secure-bank-verify.com/login",phishing,noreply1615@suspicious-domain.com
2023-01-31 07:00:41.420710336,Unusual activity detected,"Dear valued customer, we have detected suspicious activity on your account. Please verify your identity by clicking the link below: http://secure-bank-verify.com/login",phishing,noreply1616@suspicious-domain.com
2023-02-02 02:51:26.743371680,Urgent: Verify your account,Your package is ready for delivery. Track your shipment: http://tracking-express.com/package,phishing,noreply1617@suspicious-domain.com
2023-02-03 22:42:12.066032992,Important security alert,Your account will be suspended unless you update your payment information immediately. Click here: https://paypal-secure.verify-account.com,phishing,noreply1618@suspicious-domain.com
2023-02-05 18:32:57.388694336,Click here to claim your prize,"Dear valued customer, we have detected suspicious activity on your account. Please verify your identity by clicking the link below: http://secure-bank-verify.com/login",phishing,noreply1619@suspicious-domain.com
2023-02-07 14:23:42.711355648,Your package is waiting,"Dear valued customer, we have detected suspicious activity on your account. Please verify your identity by clicking the link below: http://secure-bank-verify.com/login",phishing,noreply1620@suspicious-domain.com
2023-02-09 10:14:28.034016992,Congratulations! You've won,Your account will be suspended unless you update your payment information immediately. Click here: https://paypal-secure.verify-account.com,phishing,noreply1621@suspicious-domain.com
2023-02-11 06:05:13.356678336,Your account has been compromised,Your package is ready for delivery. Track your shipment: http://tracking-express.com/package,phishing,noreply1622@suspicious-domain.com
2023-02-13 01:55:58.679339648,Your package is waiting,"Dear valued customer, we have detected suspicious activity on your account. Please verify your identity by clicking the link below: http://secure-bank-verify.com/login",phishing,noreply1623@suspicious-domain.com
2023-02-14 21:46:44.002000992,Congratulations! You've won,Your package is ready for delivery. Track your shipment: http://tracking-express.com/package,phishing,noreply1624@suspicious-domain.com
2023-02-16 17:37:29.324662304,Click here to claim your prize,We need to confirm your identity. Please provide your account details: https://account-security.com/verify,phishing,noreply1625@suspicious-domain.com
2023-02-18 13:28:14.647323648,Click here to claim your prize,Your package is ready for delivery. Track your shipment: http://tracking-express.com/package,phishing,noreply1626@suspicious-domain.com
2023-02-20 09:18:59.969984992,Your account has been compromised,Congratulations! You have been selected as a winner. Claim your prize now: http://prize-winner.net/claim,phishing,noreply1627@suspicious-domain.com
2023-02-22 05:09:45.292646304,Your account has been compromised,Congratulations! You have been selected as a winner. Claim your prize now: http://prize-winner.net/claim,phishing,noreply1628@suspicious-domain.com
2023-02-24 01:00:30.615307648,Click here to claim your prize,Your package is ready for delivery. Track your shipment: http://tracking-express.com/package,phishing,noreply1629@suspicious-domain.com
2023-02-25 20:51:15.937968960,Congratulations! You've won,Congratulations! You have been selected as a winner. Claim your prize now: http://prize-winner.net/claim,phishing,noreply1630@suspicious-domain.com
2023-02-27 16:42:01.260630304,Urgent: Verify your account,We need to confirm your identity. Please provide your account details: https://account-security.com/verify,phishing,noreply1631@suspicious-domain.com
2023-03-01 12:32:46.583291616,Reset your password now,Your account will be suspended unless you update your payment information immediately. Click here: https://paypal-secure.verify-account.com,phishing,noreply1632@suspicious-domain.com
2023-03-03 08:23:31.905952960,Confirm your identity immediately,Congratulations! You have been selected as a winner. Claim your prize now: http://prize-winner.net/claim,phishing,noreply1633@suspicious-domain.com
2023-03-05 04:14:17.228614304,Your package is waiting,Congratulations! You have been selected as a winner. Claim your prize now: http://prize-winner.net/claim,phishing,noreply1634@suspicious-domain.com
2023-03-07 00:05:02.551275616,Unusual activity detected,Your package is ready for delivery. Track your shipment: http://tracking-express.com/package,phishing,noreply1635@suspicious-domain.com
2023-03-08 19:55:47.873936960,Your package is waiting,We need to confirm your identity. Please provide your account details: https://account-security.com/verify,phishing,noreply1636@suspicious-domain.com
2023-03-10 15:46:33.196598272,Unusual activity detected,Your account will be suspended unless you update your payment information immediately. Click here: https://paypal-secure.verify-account.com,phishing,noreply1637@suspicious-domain.com
2023-03-12 11:37:18.519259616,Congratulations! You've won,Your package is ready for delivery. Track your shipment: http://tracking-express.com/package,phishing,noreply1638@suspicious-domain.com
2023-03-14 07:28:03.841920960,Unusual activity detected,Your package is ready for delivery. Track your shipment: http://tracking-express.com/package,phishing,noreply1639@suspicious-domain.com
2023-03-16 03:18:49.164582272,Your account has been compromised,We need to confirm your identity. Please provide your account details: https://account-security.com/verify,phishing,noreply1640@suspicious-domain.com
2023-03-17 23:09:34.487243616,Reset your password now,Your account will be suspended unless you update your payment information immediately. Click here: https://paypal-secure.verify-account.com,phishing,noreply1641@suspicious-domain.com
2023-03-19 19:00:19.809904928,Reset your password now,We need to confirm your identity. Please provide your account details: https://account-security.com/verify,phishing,noreply1642@suspicious-domain.com
2023-03-21 14:51:05.132566272,Your account has been compromised,Your account will be suspended unless you update your payment information immediately. Click here: https://paypal-secure.verify-account.com,phishing,noreply1643@suspicious-domain.com
2023-03-23 10:41:50.455227584,Important security alert,We need to confirm your identity. Please provide your account details: https://account-security.com/verify,phishing,noreply1644@suspicious-domain.com
2023-03-25 06:32:35.777888928,Congratulations! You've won,Your package is ready for delivery. Track your shipment: http://tracking-express.com/package,phishing,noreply1645@suspicious-domain.com
2023-03-27 02:23:21.100550272,Important security alert,Your package is ready for delivery. Track your shipment: http://tracking-express.com/package,phishing,noreply1646@suspicious-domain.com
2023-03-28 22:14:06.423211584,Important security alert,"Dear valued customer, we have detected suspicious activity on your account. Please verify your identity by clicking the link below: http://secure-bank-verify.com/login",phishing,noreply1647@suspicious-domain.com
2023-03-30 18:04:51.745872928,Your package is waiting,Congratulations! You have been selected as a winner. Claim your prize now: http://prize-winner.net/claim,phishing,noreply1648@suspicious-domain.com
2023-04-01 13:55:37.068534240,Click here to claim your prize,We need to confirm your identity. Please provide your account details: https://account-security.com/verify,phishing,noreply1649@suspicious-domain.com
2023-04-03 09:46:22.391195584,Your package is waiting,"Dear valued customer, we have detected suspicious activity on your account. Please verify your identity by clicking the link below: http://secure-bank-verify.com/login",phishing,noreply1650@suspicious-domain.com
2023-04-05 05:37:07.713856928,Click here to claim your prize,Congratulations! You have been selected as a winner. Claim your prize now: http://prize-winner.net/claim,phishing,noreply1651@suspicious-domain.com
2023-04-07 01:27:53.036518240,Confirm your identity immediately,We need to confirm your identity. Please provide your account details: https://account-security.com/verify,phishing,noreply1652@suspicious-domain.com
2023-04-08 21:18:38.359179584,Unusual activity detected,Your account will be suspended unless you update your payment information immediately. Click here: https://paypal-secure.verify-account.com,phishing,noreply1653@suspicious-domain.com
2023-04-10 17:09:23.681840896,Click here to claim your prize,Congratulations! You have been selected as a winner. Claim your prize now: http://prize-winner.net/claim,phishing,noreply1654@suspicious-domain.com
2023-04-12 13:00:09.004502240,Your account has been compromised,Your package is ready for delivery. Track your shipment: http://tracking-express.com/package,phishing,noreply1655@suspicious-domain.com
2023-04-14 08:50:54.327163552,Your package is waiting,"Dear valued customer, we have detected suspicious activity on your account. Please verify your identity by clicking the link below: http://secure-bank-verify.com/login",phishing,noreply1656@suspicious-domain.com
2023-04-16 04:41:39.649824896,Congratulations! You've won,Congratulations! You have been selected as a winner. Claim your prize now: http://prize-winner.net/claim,phishing,noreply1657@suspicious-domain.com
2023-04-18 00:32:24.972486240,Unusual activity detected,Congratulations! You have been selected as a winner. Claim your prize now: http://prize-winner.net/claim,phishing,noreply1658@suspicious-domain.com
2023-04-19 20:23:10.295147552,Confirm your identity immediately,Your package is ready for delivery. Track your shipment: http://tracking-express.com/package,phishing,noreply1659@suspicious-domain.com
2023-04-21 16:13:55.617808896,Click here to claim your prize,We need to confirm your identity. Please provide your account details: https://account-security.com/verify,phishing,noreply1660@suspicious-domain.com
2023-04-23 12:04:40.940470208,Confirm your identity immediately,Your account will be suspended unless you update your payment information immediately. Click here: https://paypal-secure.verify-account.com,phishing,noreply1661@suspicious-domain.com
2023-04-25 07:55:26.263131552,Congratulations! You've won,Your package is ready for delivery. Track your shipment: http://tracking-express.com/package,phishing,noreply1662@suspicious-domain.com
2023-04-27 03:46:11.585792896,Important security alert,Your account will be suspended unless you update your payment information immediately. Click here: https://paypal-secure.verify-account.com,phishing,noreply1663@suspicious-domain.com
2023-04-28 23:36:56.908454208,Reset your password now,We need to confirm your identity. Please provide your account details: https://account-security.com/verify,phishing,noreply1664@suspicious-domain.com
2023-04-30 19:27:42.231115552,Congratulations! You've won,Congratulations! You have been selected as a winner. Claim your prize now: http://prize-winner.net/claim,phishing,noreply1665@suspicious-domain.com
2023-05-02 15:18:27.553776864,Action required: Update payment information,Your account will be suspended unless you update your payment information immediately. Click here: https://paypal-secure.verify-account.com,phishing,noreply1666@suspicious-domain.com
2023-05-04 11:09:12.876438208,Congratulations! You've won,"Dear valued customer, we have detected suspicious activity on your account. Please verify your identity by clicking the link below: http://secure-bank-verify.com/login",phishing,noreply1667@suspicious-domain.com
2023-05-06 06:59:58.199099520,Confirm your identity immediately,"Dear valued customer, we have detected suspicious activity on your account. Please verify your identity by clicking the link below: http://secure-bank-verify.com/login",phishing,noreply1668@suspicious-domain.com
2023-05-08 02:50:43.521760864,Your account has been compromised,Your package is ready for delivery. Track your shipment: http://tracking-express.com/package,phishing,noreply1669@suspicious-domain.com
2023-05-09 22:41:28.844422208,Your package is waiting,We need to confirm your identity. Please provide your account details: https://account-security.com/verify,phishing,noreply1670@suspicious-domain.com
2023-05-11 18:32:14.167083520,Your account has been compromised,Your package is ready for delivery. Track your shipment: http://tracking-express.com/package,phishing,noreply1671@suspicious-domain.com
2023-05-13 14:22:59.489744864,Confirm your identity immediately,Your package is ready for delivery. Track your shipment: http://tracking-express.com/package,phishing,noreply1672@suspicious-domain.com
2023-05-15 10:13:44.812406176,Your package is waiting,Your package is ready for delivery. Track your shipment: http://tracking-express.com/package,phishing,noreply1673@suspicious-domain.com
2023-05-17 06:04:30.135067520,Action required: Update payment information,"Dear valued customer, we have detected suspicious activity on your account. Please verify your identity by clicking the link below: http://secure-bank-verify.com/login",phishing,noreply1674@suspicious-domain.com
2023-05-19 01:55:15.457728864,Reset your password now,"Dear valued customer, we have detected suspicious activity on your account. Please verify your identity by clicking the link below: http://secure-bank-verify.com/login",phishing,noreply1675@suspicious-domain.com
2023-05-20 21:46:00.780390176,Unusual activity detected,Your package is ready for delivery. Track your shipment: http://tracking-express.com/package,phishing,noreply1676@suspicious-domain.com
2023-05-22 17:36:46.103051520,Confirm your identity immediately,"Dear valued customer, we have detected suspicious activity on your account. Please verify your identity by clicking the link below: http://secure-bank-verify.com/login",phishing,noreply1677@suspicious-domain.com
2023-05-24 13:27:31.425712832,Click here to claim your prize,We need to confirm your identity. Please provide your account details: https://account-security.com/verify,phishing,noreply1678@suspicious-domain.com
2023-05-26 09:18:16.748374176,Confirm your identity immediately,Your package is ready for delivery. Track your shipment: http://tracking-express.com/package,phishing,noreply1679@suspicious-domain.com
2023-05-28 05:09:02.071035488,Confirm your identity immediately,"Dear valued customer, we have detected suspicious activity on your account. Please verify your identity by clicking the link below: http://secure-bank-verify.com/login",phishing,noreply1680@suspicious-domain.com
2023-05-30 00:59:47.393696832,Your package is waiting,Your account will be suspended unless you update your payment information immediately. Click here: https://paypal-secure.verify-account.com,phishing,noreply1681@suspicious-domain.com
2023-05-31 20:50:32.716358176,Urgent: Verify your account,Your package is ready for delivery. Track your shipment: http://tracking-express.com/package,phishing,noreply1682@suspicious-domain.com
2023-06-02 16:41:18.039019488,Congratulations! You've won,Your package is ready for delivery. Track your shipment: http://tracking-express.com/package,phishing,noreply1683@suspicious-domain.com
2023-06-04 12:32:03.361680832,Urgent: Verify your account,We need to confirm your identity. Please provide your account details: https://account-security.com/verify,phishing,noreply1684@suspicious-domain.com
2023-06-06 08:22:48.684342144,Action required: Update payment information,Congratulations! You have been selected as a winner. Claim your prize now: http://prize-winner.net/claim,phishing,noreply1685@suspicious-domain.com
2023-06-08 04:13:34.007003488,Click here to claim your prize,Congratulations! You have been selected as a winner. Claim your prize now: http://prize-winner.net/claim,phishing,noreply1686@suspicious-domain.com
2023-06-10 00:04:19.329664832,Reset your password now,We need to confirm your identity. Please provide your account details: https://account-security.com/verify,phishing,noreply1687@suspicious-domain.com
2023-06-11 19:55:04.652326144,Important security alert,We need to confirm your identity. Please provide your account details: https://account-security.com/verify,phishing,noreply1688@suspicious-domain.com
2023-06-13 15:45:49.974987488,Action required: Update payment information,We need to confirm your identity. Please provide your account details: https://account-security.com/verify,phishing,noreply1689@suspicious-domain.com
2023-06-15 11:36:35.297648800,Important security alert,Congratulations! You have been selected as a winner. Claim your prize now: http://prize-winner.net/claim,phishing,noreply1690@suspicious-domain.com
2023-06-17 07:27:20.620310144,Important security alert,We need to confirm your identity. Please provide your account details: https://account-security.com/verify,phishing,noreply1691@suspicious-domain.com
2023-06-19 03:18:05.942971456,Reset your password now,"Dear valued customer, we have detected suspicious activity on your account. Please verify your identity by clicking the link below: http://secure-bank-verify.com/login",phishing,noreply1692@suspicious-domain.com
2023-06-20 23:08:51.265632800,Your account has been compromised,Your package is ready for delivery. Track your shipment: http://tracking-express.com/package,phishing,noreply1693@suspicious-domain.com
2023-06-22 18:59:36.588294144,Urgent: Verify your account,Your package is ready for delivery. Track your shipment: http://tracking-express.com/package,phishing,noreply1694@suspicious-domain.com
2023-06-24 14:50:21.910955456,Confirm your identity immediately,Your account will be suspended unless you update your payment information immediately. Click here: https://paypal-secure.verify-account.com,phishing,noreply1695@suspicious-domain.com
2023-06-26 10:41:07.233616800,Unusual activity detected,Your account will be suspended unless you update your payment information immediately. Click here: https://paypal-secure.verify-account.com,phishing,noreply1696@suspicious-domain.com
2023-06-28 06:31:52.556278112,Important security alert,Your package is ready for delivery. Track your shipment: http://tracking-express.com/package,phishing,noreply1697@suspicious-domain.com
2023-06-30 02:22:37.878939456,Click here to claim your prize,"Dear valued customer, we have detected suspicious activity on your account. Please verify your identity by clicking the link below: http://secure-bank-verify.com/login",phishing,noreply1698@suspicious-domain.com
2023-07-01 22:13:23.201600800,Action required: Update payment information,Congratulations! You have been selected as a winner. Claim your prize now: http://prize-winner.net/claim,phishing,noreply1699@suspicious-domain.com
2023-07-03 18:04:08.524262112,Your account has been compromised,Congratulations! You have been selected as a winner. Claim your prize now: http://prize-winner.net/claim,phishing,noreply1700@suspicious-domain.com
2023-07-05 13:54:53.846923456,Important security alert,"Dear valued customer, we have detected suspicious activity on your account. Please verify your identity by clicking the link below: http://secure-bank-verify.com/login",phishing,noreply1701@suspicious-domain.com
2023-07-07 09:45:39.169584768,Your account has been compromised,Congratulations! You have been selected as a winner. Claim your prize now: http://prize-winner.net/claim,phishing,noreply1702@suspicious-domain.com
2023-07-09 05:36:24.492246112,Your account has been compromised,We need to confirm your identity. Please provide your account details: https://account-security.com/verify,phishing,noreply1703@suspicious-domain.com
2023-07-11 01:27:09.814907424,Important security alert,Your package is ready for delivery. Track your shipment: http://tracking-express.com/package,phishing,noreply1704@suspicious-domain.com
2023-07-12 21:17:55.137568768,Your package is waiting,Your package is ready for delivery. Track your shipment: http://tracking-express.com/package,phishing,noreply1705@suspicious-domain.com
2023-07-14 17:08:40.460230112,Congratulations! You've won,"Dear valued customer, we have detected suspicious activity on your account. Please verify your identity by clicking the link below: http://secure-bank-verify.com/login",phishing,noreply1706@suspicious-domain.com
2023-07-16 12:59:25.782891424,Click here to claim your prize,Congratulations! You have been selected as a winner. Claim your prize now: http://prize-winner.net/claim,phishing,noreply1707@suspicious-domain.com
2023-07-18 08:50:11.105552768,Confirm your identity immediately,Your account will be suspended unless you update your payment information immediately. Click here: https://paypal-secure.verify-account.com,phishing,noreply1708@suspicious-domain.com
2023-07-20 04:40:56.428214080,Confirm your identity immediately,Your account will be suspended unless you update your payment information immediately. Click here: https://paypal-secure.verify-account.com,phishing,noreply1709@suspicious-domain.com
2023-07-22 00:31:41.750875424,Click here to claim your prize,Congratulations! You have been selected as a winner. Claim your prize now: http://prize-winner.net/claim,phishing,noreply1710@suspicious-domain.com
2023-07-23 20:22:27.073536768,Your package is waiting,Your account will be suspended unless you update your payment information immediately. Click here: https://paypal-secure.verify-account.com,phishing,noreply1711@suspicious-domain.com
2023-07-25 16:13:12.396198080,Confirm your identity immediately,"Dear valued customer, we have detected suspicious activity on your account. Please verify your identity by clicking the link below: http://secure-bank-verify.com/login",phishing,noreply1712@suspicious-domain.com
2023-07-27 12:03:57.718859424,Your account has been compromised,"Dear valued customer, we have detected suspicious activity on your account. Please verify your identity by clicking the link below: http://secure-bank-verify.com/login",phishing,noreply1713@suspicious-domain.com
2023-07-29 07:54:43.041520736,Reset your password now,Congratulations! You have been selected as a winner. Claim your prize now: http://prize-winner.net/claim,phishing,noreply1714@suspicious-domain.com
2023-07-31 03:45:28.364182080,Action required: Update payment information,Your account will be suspended unless you update your payment information immediately. Click here: https://paypal-secure.verify-account.com,phishing,noreply1715@suspicious-domain.com
2023-08-01 23:36:13.686843392,Urgent: Verify your account,"Dear valued customer, we have detected suspicious activity on your account. Please verify your identity by clicking the link below: http://secure-bank-verify.com/login",phishing,noreply1716@suspicious-domain.com
2023-08-03 19:26:59.009504736,Confirm your identity immediately,"Dear valued customer, we have detected suspicious activity on your account. Please verify your identity by clicking the link below: http://secure-bank-verify.com/login",phishing,noreply1717@suspicious-domain.com
2023-08-05 15:17:44.332166080,Click here to claim your prize,We need to confirm your identity. Please provide your account details: https://account-security.com/verify,phishing,noreply1718@suspicious-domain.com
2023-08-07 11:08:29.654827392,Reset your password now,We need to confirm your identity. Please provide your account details: https://account-security.com/verify,phishing,noreply1719@suspicious-domain.com
2023-08-09 06:59:14.977488736,Important security alert,"Dear valued customer, we have detected suspicious activity on your account. Please verify your identity by clicking the link below: http://secure-bank-verify.com/login",phishing,noreply1720@suspicious-domain.com
2023-08-11 02:50:00.300150048,Congratulations! You've won,Congratulations! You have been selected as a winner. Claim your prize now: http://prize-winner.net/claim,phishing,noreply1721@suspicious-domain.com
2023-08-12 22:40:45.622811392,Click here to claim your prize,Your package is ready for delivery. Track your shipment: http://tracking-express.com/package,phishing,noreply1722@suspicious-domain.com
2023-08-14 18:31:30.945472736,Your account has been compromised,Your package is ready for delivery. Track your shipment: http://tracking-express.com/package,phishing,noreply1723@suspicious-domain.com
2023-08-16 14:22:16.268134048,Congratulations! You've won,"Dear valued customer, we have detected suspicious activity on your account. Please verify your identity by clicking the link below: http://secure-bank-verify.com/login",phishing,noreply1724@suspicious-domain.com
2023-08-18 10:13:01.590795392,Action required: Update payment information,"Dear valued customer, we have detected suspicious activity on your account. Please verify your identity by clicking the link below: http://secure-bank-verify.com/login",phishing,noreply1725@suspicious-domain.com
2023-08-20 06:03:46.913456704,Action required: Update payment information,"Dear valued customer, we have detected suspicious activity on your account. Please verify your identity by clicking the link below: http://secure-bank-verify.com/login",phishing,noreply1726@suspicious-domain.com
2023-08-22 01:54:32.236118048,Your package is waiting,Congratulations! You have been selected as a winner. Claim your prize now: http://prize-winner.net/claim,phishing,noreply1727@suspicious-domain.com
2023-08-23 21:45:17.558779360,Unusual activity detected,We need to confirm your identity. Please provide your account details: https://account-security.com/verify,phishing,noreply1728@suspicious-domain.com
2023-08-25 17:36:02.881440704,Your package is waiting,"Dear valued customer, we have detected suspicious activity on your account. Please verify your identity by clicking the link below: http://secure-bank-verify.com/login",phishing,noreply1729@suspicious-domain.com
2023-08-27 13:26:48.204102048,Reset your password now,"Dear valued customer, we have detected suspicious activity on your account. Please verify your identity by clicking the link below: http://secure-bank-verify.com/login",phishing,noreply1730@suspicious-domain.com
2023-08-29 09:17:33.526763360,Congratulations! You've won,Your account will be suspended unless you update your payment information immediately. Click here: https://paypal-secure.verify-account.com,phishing,noreply1731@suspicious-domain.com
2023-08-31 05:08:18.849424704,Unusual activity detected,Congratulations! You have been selected as a winner. Claim your prize now: http://prize-winner.net/claim,phishing,noreply1732@suspicious-domain.com
2023-09-02 00:59:04.172086016,Important security alert,"Dear valued customer, we have detected suspicious activity on your account. Please verify your identity by clicking the link below: http://secure-bank-verify.com/login",phishing,noreply1733@suspicious-domain.com
2023-09-03 20:49:49.494747360,Your account has been compromised,Your account will be suspended unless you update your payment information immediately. Click here: https://paypal-secure.verify-account.com,phishing,noreply1734@suspicious-domain.com
2023-09-05 16:40:34.817408704,Congratulations! You've won,Your package is ready for delivery. Track your shipment: http://tracking-express.com/package,phishing,noreply1735@suspicious-domain.com
2023-09-07 12:31:20.140070016,Your package is waiting,"Dear valued customer, we have detected suspicious activity on your account. Please verify your identity by clicking the link below: http://secure-bank-verify.com/login",phishing,noreply1736@suspicious-domain.com
2023-09-09 08:22:05.462731360,Urgent: Verify your account,"Dear valued customer, we have detected suspicious activity on your account. Please verify your identity by clicking the link below: http://secure-bank-verify.com/login",phishing,noreply1737@suspicious-domain.com
2023-09-11 04:12:50.785392672,Unusual activity detected,Your account will be suspended unless you update your payment information immediately. Click here: https://paypal-secure.verify-account.com,phishing,noreply1738@suspicious-domain.com
2023-09-13 00:03:36.108054016,Unusual activity detected,Congratulations! You have been selected as a winner. Claim your prize now: http://prize-winner.net/claim,phishing,noreply1739@suspicious-domain.com
2023-09-14 19:54:21.430715328,Your account has been compromised,"Dear valued customer, we have detected suspicious activity on your account. Please verify your identity by clicking the link below: http://secure-bank-verify.com/login",phishing,noreply1740@suspicious-domain.com
2023-09-16 15:45:06.753376672,Confirm your identity immediately,Your package is ready for delivery. Track your shipment: http://tracking-express.com/package,phishing,noreply1741@suspicious-domain.com
2023-09-18 11:35:52.076038016,Action required: Update payment information,"Dear valued customer, we have detected suspicious activity on your account. Please verify your identity by clicking the link below: http://secure-bank-verify.com/login",phishing,noreply1742@suspicious-domain.com
2023-09-20 07:26:37.398699328,Action required: Update payment information,Your package is ready for delivery. Track your shipment: http://tracking-express.com/package,phishing,noreply1743@suspicious-domain.com
2023-09-22 03:17:22.721360672,Urgent: Verify your account,We need to confirm your identity. Please provide your account details: https://account-security.com/verify,phishing,noreply1744@suspicious-domain.com
2023-09-23 23:08:08.044021984,Reset your password now,We need to confirm your identity. Please provide your account details: https://account-security.com/verify,phishing,noreply1745@suspicious-domain.com
2023-09-25 18:58:53.366683328,Reset your password now,Your package is ready for delivery. Track your shipment: http://tracking-express.com/package,phishing,noreply1746@suspicious-domain.com
2023-09-27 14:49:38.689344672,Important security alert,Congratulations! You have been selected as a winner. Claim your prize now: http://prize-winner.net/claim,phishing,noreply1747@suspicious-domain.com
2023-09-29 10:40:24.012005984,Congratulations! You've won,"Dear valued customer, we have detected suspicious activity on your account. Please verify your identity by clicking the link below: http://secure-bank-verify.com/login",phishing,noreply1748@suspicious-domain.com
2023-10-01 06:31:09.334667328,Click here to claim your prize,"Dear valued customer, we have detected suspicious activity on your account. Please verify your identity by clicking the link below: http://secure-bank-verify.com/login",phishing,noreply1749@suspicious-domain.com
2023-10-03 02:21:54.657328640,Confirm your identity immediately,We need to confirm your identity. Please provide your account details: https://account-security.com/verify,phishing,noreply1750@suspicious-domain.com
2023-10-04 22:12:39.979989984,Your package is waiting,Your package is ready for delivery. Track your shipment: http://tracking-express.com/package,phishing,noreply1751@suspicious-domain.com
2023-10-06 18:03:25.302651296,Click here to claim your prize,"Dear valued customer, we have detected suspicious activity on your account. Please verify your identity by clicking the link below: http://secure-bank-verify.com/login",phishing,noreply1752@suspicious-domain.com
2023-10-08 13:54:10.625312640,Click here to claim your prize,"Dear valued customer, we have detected suspicious activity on your account. Please verify your identity by clicking the link below: http://secure-bank-verify.com/login",phishing,noreply1753@suspicious-domain.com
2023-10-10 09:44:55.947973984,Unusual activity detected,Congratulations! You have been selected as a winner. Claim your prize now: http://prize-winner.net/claim,phishing,noreply1754@suspicious-domain.com
2023-10-12 05:35:41.270635296,Urgent: Verify your account,Your account will be suspended unless you update your payment information immediately. Click here: https://paypal-secure.verify-account.com,phishing,noreply1755@suspicious-domain.com
2023-10-14 01:26:26.593296640,Action required: Update payment information,We need to confirm your identity. Please provide your account details: https://account-security.com/verify,phishing,noreply1756@suspicious-domain.com
2023-10-15 21:17:11.915957952,Important security alert,We need to confirm your identity. Please provide your account details: https://account-security.com/verify,phishing,noreply1757@suspicious-domain.com
2023-10-17 17:07:57.238619296,Reset your password now,Your account will be suspended unless you update your payment information immediately. Click here: https://paypal-secure.verify-account.com,phishing,noreply1758@suspicious-domain.com
2023-10-19 12:58:42.561280640,Urgent: Verify your account,"Dear valued customer, we have detected suspicious activity on your account. Please verify your identity by clicking the link below: http://secure-bank-verify.com/login",phishing,noreply1759@suspicious-domain.com
2023-10-21 08:49:27.883941952,Unusual activity detected,Congratulations! You have been selected as a winner. Claim your prize now: http://prize-winner.net/claim,phishing,noreply1760@suspicious-domain.com
2023-10-23 04:40:13.206603296,Your package is waiting,Congratulations! You have been selected as a winner. Claim your prize now: http://prize-winner.net/claim,phishing,noreply1761@suspicious-domain.com
2023-10-25 00:30:58.529264608,Important security alert,We need to confirm your identity. Please provide your account details: https://account-security.com/verify,phishing,noreply1762@suspicious-domain.com
2023-10-26 20:21:43.851925952,Unusual activity detected,Congratulations! You have been selected as a winner. Claim your prize now: http://prize-winner.net/claim,phishing,noreply1763@suspicious-domain.com
2023-10-28 16:12:29.174587264,Action required: Update payment information,Your account will be suspended unless you update your payment information immediately. Click here: https://paypal-secure.verify-account.com,phishing,noreply1764@suspicious-domain.com
2023-10-30 12:03:14.497248608,Action required: Update payment information,"Dear valued customer, we have detected suspicious activity on your account. Please verify your identity by clicking the link below: http://secure-bank-verify.com/login",phishing,noreply1765@suspicious-domain.com
2023-11-01 07:53:59.819909952,Action required: Update payment information,Your account will be suspended unless you update your payment information immediately. Click here: https://paypal-secure.verify-account.com,phishing,noreply1766@suspicious-domain.com
2023-11-03 03:44:45.142571264,Urgent: Verify your account,Your package is ready for delivery. Track your shipment: http://tracking-express.com/package,phishing,noreply1767@suspicious-domain.com
2023-11-04 23:35:30.465232608,Urgent: Verify your account,We need to confirm your identity. Please provide your account details: https://account-security.com/verify,phishing,noreply1768@suspicious-domain.com
2023-11-06 19:26:15.787893920,Reset your password now,Congratulations! You have been selected as a winner. Claim your prize now: http://prize-winner.net/claim,phishing,noreply1769@suspicious-domain.com
2023-11-08 15:17:01.110555264,Reset your password now,Your package is ready for delivery. Track your shipment: http://tracking-express.com/package,phishing,noreply1770@suspicious-domain.com
2023-11-10 11:07:46.433216608,Your package is waiting,Congratulations! You have been selected as a winner. Claim your prize now: http://prize-winner.net/claim,phishing,noreply1771@suspicious-domain.com
2023-11-12 06:58:31.755877920,Important security alert,"Dear valued customer, we have detected suspicious activity on your account. Please verify your identity by clicking the link below: http://secure-bank-verify.com/login",phishing,noreply1772@suspicious-domain.com
2023-11-14 02:49:17.078539264,Your account has been compromised,"Dear valued customer, we have detected suspicious activity on your account. Please verify your identity by clicking the link below: http://secure-bank-verify.com/login",phishing,noreply1773@suspicious-domain.com
2023-11-15 22:40:02.401200576,Your account has been compromised,"Dear valued customer, we have detected suspicious activity on your account. Please verify your identity by clicking the link below: http://secure-bank-verify.com/login",phishing,noreply1774@suspicious-domain.com
2023-11-17 18:30:47.723861920,Unusual activity detected,Congratulations! You have been selected as a winner. Claim your prize now: http://prize-winner.net/claim,phishing,noreply1775@suspicious-domain.com
2023-11-19 14:21:33.046523232,Action required: Update payment information,Your package is ready for delivery. Track your shipment: http://tracking-express.com/package,phishing,noreply1776@suspicious-domain.com
2023-11-21 10:12:18.369184576,Important security alert,"Dear valued customer, we have detected suspicious activity on your account. Please verify your identity by clicking the link below: http://secure-bank-verify.com/login",phishing,noreply1777@suspicious-domain.com
2023-11-23 06:03:03.691845920,Click here to claim your prize,Your package is ready for delivery. Track your shipment: http://tracking-express.com/package,phishing,noreply1778@suspicious-domain.com
2023-11-25 01:53:49.014507232,Urgent: Verify your account,Congratulations! You have been selected as a winner. Claim your prize now: http://prize-winner.net/claim,phishing,noreply1779@suspicious-domain.com
2023-11-26 21:44:34.337168576,Congratulations! You've won,Your package is ready for delivery. Track your shipment: http://tracking-express.com/package,phishing,noreply1780@suspicious-domain.com
2023-11-28 17:35:19.659829888,Confirm your identity immediately,Congratulations! You have been selected as a winner. Claim your prize now: http://prize-winner.net/claim,phishing,noreply1781@suspicious-domain.com
2023-11-30 13:26:04.982491232,Your package is waiting,Congratulations! You have been selected as a winner. Claim your prize now: http://prize-winner.net/claim,phishing,noreply1782@suspicious-domain.com
2023-12-02 09:16:50.305152576,Action required: Update payment information,We need to confirm your identity. Please provide your account details: https://account-security.com/verify,phishing,noreply1783@suspicious-domain.com
2023-12-04 05:07:35.627813888,Action required: Update payment information,Congratulations! You have been selected as a winner. Claim your prize now: http://prize-winner.net/claim,phishing,noreply1784@suspicious-domain.com
2023-12-06 00:58:20.950475232,Action required: Update payment information,Congratulations! You have been selected as a winner. Claim your prize now: http://prize-winner.net/claim,phishing,noreply1785@suspicious-domain.com
2023-12-07 20:49:06.273136544,Urgent: Verify your account,Your account will be suspended unless you update your payment information immediately. Click here: https://paypal-secure.verify-account.com,phishing,noreply1786@suspicious-domain.com
2023-12-09 16:39:51.595797888,Urgent: Verify your account,"Dear valued customer, we have detected suspicious activity on your account. Please verify your identity by clicking the link below: http://secure-bank-verify.com/login",phishing,noreply1787@suspicious-domain.com
2023-12-11 12:30:36.918459200,Confirm your identity immediately,We need to confirm your identity. Please provide your account details: https://account-security.com/verify,phishing,noreply1788@suspicious-domain.com
2023-12-13 08:21:22.241120544,Click here to claim your prize,We need to confirm your identity. Please provide your account details: https://account-security.com/verify,phishing,noreply1789@suspicious-domain.com
2023-12-15 04:12:07.563781888,Important security alert,We need to confirm your identity. Please provide your account details: https://account-security.com/verify,phishing,noreply1790@suspicious-domain.com
2023-12-17 00:02:52.886443200,Action required: Update payment information,Your account will be suspended unless you update your payment information immediately. Click here: https://paypal-secure.verify-account.com,phishing,noreply1791@suspicious-domain.com
2023-12-18 19:53:38.209104544,Your account has been compromised,Congratulations! You have been selected as a winner. Claim your prize now: http://prize-winner.net/claim,phishing,noreply1792@suspicious-domain.com
2023-12-20 15:44:23.531765856,Reset your password now,"Dear valued customer, we have detected suspicious activity on your account. Please verify your identity by clicking the link below: http://secure-bank-verify.com/login",phishing,noreply1793@suspicious-domain.com
2023-12-22 11:35:08.854427200,Your account has been compromised,Your package is ready for delivery. Track your shipment: http://tracking-express.com/package,phishing,noreply1794@suspicious-domain.com
2023-12-24 07:25:54.177088512,Unusual activity detected,Congratulations! You have been selected as a winner. Claim your prize now: http://prize-winner.net/claim,phishing,noreply1795@suspicious-domain.com
2023-12-26 03:16:39.499749856,Your account has been compromised,Your account will be suspended unless you update your payment information immediately. Click here: https://paypal-secure.verify-account.com,phishing,noreply1796@suspicious-domain.com
2023-12-27 23:07:24.822411200,Unusual activity detected,Congratulations! You have been selected as a winner. Claim your prize now: http://prize-winner.net/claim,phishing,noreply1797@suspicious-domain.com
2023-12-29 18:58:10.145072512,Congratulations! You've won,Congratulations! You have been selected as a winner. Claim your prize now: http://prize-winner.net/claim,phishing,noreply1798@suspicious-domain.com
2023-12-31 14:48:55.467733856,Reset your password now,Your account will be suspended unless you update your payment information immediately. Click here: https://paypal-secure.verify-account.com,phishing,noreply1799@suspicious-domain.com
2024-01-02 10:39:40.790395168,Your account has been compromised,We need to confirm your identity. Please provide your account details: https://account-security.com/verify,phishing,noreply1800@suspicious-domain.com
2024-01-04 06:30:26.113056512,Congratulations! You've won,We need to confirm your identity. Please provide your account details: https://account-security.com/verify,phishing,noreply1801@suspicious-domain.com
2024-01-06 02:21:11.435717856,Your package is waiting,"Dear valued customer, we have detected suspicious activity on your account. Please verify your identity by clicking the link below: http://secure-bank-verify.com/login",phishing,noreply1802@suspicious-domain.com
2024-01-07 22:11:56.758379168,Important security alert,"Dear valued customer, we have detected suspicious activity on your account. Please verify your identity by clicking the link below: http://secure-bank-verify.com/login",phishing,noreply1803@suspicious-domain.com
2024-01-09 18:02:42.081040512,Congratulations! You've won,We need to confirm your identity. Please provide your account details: https://account-security.com/verify,phishing,noreply1804@suspicious-domain.com
2024-01-11 13:53:27.403701824,Important security alert,Your package is ready for delivery. Track your shipment: http://tracking-express.com/package,phishing,noreply1805@suspicious-domain.com
2024-01-13 09:44:12.726363168,Your account has been compromised,Congratulations! You have been selected as a winner. Claim your prize now: http://prize-winner.net/claim,phishing,noreply1806@suspicious-domain.com
2024-01-15 05:34:58.049024480,Click here to claim your prize,Your package is ready for delivery. Track your shipment: http://tracking-express.com/package,phishing,noreply1807@suspicious-domain.com
2024-01-17 01:25:43.371685824,Congratulations! You've won,Congratulations! You have been selected as a winner. Claim your prize now: http://prize-winner.net/claim,phishing,noreply1808@suspicious-domain.com
2024-01-18 21:16:28.694347168,Reset your password now,We need to confirm your identity. Please provide your account details: https://account-security.com/verify,phishing,noreply1809@suspicious-domain.com
2024-01-20 17:07:14.017008480,Your account has been compromised,"Dear valued customer, we have detected suspicious activity on your account. Please verify your identity by clicking the link below: http://secure-bank-verify.com/login",phishing,noreply1810@suspicious-domain.com
2024-01-22 12:57:59.339669824,Action required: Update payment information,"Dear valued customer, we have detected suspicious activity on your account. Please verify your identity by clicking the link below: http://secure-bank-verify.com/login",phishing,noreply1811@suspicious-domain.com
2024-01-24 08:48:44.662331136,Urgent: Verify your account,Your package is ready for delivery. Track your shipment: http://tracking-express.com/package,phishing,noreply1812@suspicious-domain.com
2024-01-26 04:39:29.984992480,Congratulations! You've won,"Dear valued customer, we have detected suspicious activity on your account. Please verify your identity by clicking the link below: http://secure-bank-verify.com/login",phishing,noreply1813@suspicious-domain.com
2024-01-28 00:30:15.307653824,Reset your password now,We need to confirm your identity. Please provide your account details: https://account-security.com/verify,phishing,noreply1814@suspicious-domain.com
2024-01-29 20:21:00.630315136,Your package is waiting,Your package is ready for delivery. Track your shipment: http://tracking-express.com/package,phishing,noreply1815@suspicious-domain.com
2024-01-31 16:11:45.952976480,Action required: Update payment information,Congratulations! You have been selected as a winner. Claim your prize now: http://prize-winner.net/claim,phishing,noreply1816@suspicious-domain.com
2024-02-02 12:02:31.275637792,Your package is waiting,"Dear valued customer, we have detected suspicious activity on your account. Please verify your identity by clicking the link below: http://secure-bank-verify.com/login",phishing,noreply1817@suspicious-domain.com
2024-02-04 07:53:16.598299136,Your account has been compromised,Your account will be suspended unless you update your payment information immediately. Click here: https://paypal-secure.verify-account.com,phishing,noreply1818@suspicious-domain.com
2024-02-06 03:44:01.920960448,Urgent: Verify your account,"Dear valued customer, we have detected suspicious activity on your account. Please verify your identity by clicking the link below: http://secure-bank-verify.com/login",phishing,noreply1819@suspicious-domain.com
2024-02-07 23:34:47.243621792,Congratulations! You've won,Congratulations! You have been selected as a winner. Claim your prize now: http://prize-winner.net/claim,phishing,noreply1820@suspicious-domain.com
2024-02-09 19:25:32.566283136,Congratulations! You've won,Your package is ready for delivery. Track your shipment: http://tracking-express.com/package,phishing,noreply1821@suspicious-domain.com
2024-02-11 15:16:17.888944448,Click here to claim your prize,Congratulations! You have been selected as a winner. Claim your prize now: http://prize-winner.net/claim,phishing,noreply1822@suspicious-domain.com
2024-02-13 11:07:03.211605792,Click here to claim your prize,Your account will be suspended unless you update your payment information immediately. Click here: https://paypal-secure.verify-account.com,phishing,noreply1823@suspicious-domain.com
2024-02-15 06:57:48.534267104,Your account has been compromised,We need to confirm your identity. Please provide your account details: https://account-security.com/verify,phishing,noreply1824@suspicious-domain.com
2024-02-17 02:48:33.856928448,Your account has been compromised,"Dear valued customer, we have detected suspicious activity on your account. Please verify your identity by clicking the link below: http://secure-bank-verify.com/login",phishing,noreply1825@suspicious-domain.com
2024-02-18 22:39:19.179589792,Urgent: Verify your account,Your package is ready for delivery. Track your shipment: http://tracking-express.com/package,phishing,noreply1826@suspicious-domain.com
2024-02-20 18:30:04.502251136,Click here to claim your prize,We need to confirm your identity. Please provide your account details: https://account-security.com/verify,phishing,noreply1827@suspicious-domain.com
2024-02-22 14:20:49.824912448,Reset your password now,Congratulations! You have been selected as a winner. Claim your prize now: http://prize-winner.net/claim,phishing,noreply1828@suspicious-domain.com
2024-02-24 10:11:35.147573760,Reset your password now,Your package is ready for delivery. Track your shipment: http://tracking-express.com/package,phishing,noreply1829@suspicious-domain.com
2024-02-26 06:02:20.470235072,Urgent: Verify your account,We need to confirm your identity. Please provide your account details: https://account-security.com/verify,phishing,noreply1830@suspicious-domain.com
2024-02-28 01:53:05.792896448,Reset your password now,Your package is ready for delivery. Track your shipment: http://tracking-express.com/package,phishing,noreply1831@suspicious-domain.com
2024-02-29 21:43:51.115557760,Unusual activity detected,Your account will be suspended unless you update your payment information immediately. Click here: https://paypal-secure.verify-account.com,phishing,noreply1832@suspicious-domain.com
2024-03-02 17:34:36.438219072,Important security alert,Your account will be suspended unless you update your payment information immediately. Click here: https://paypal-secure.verify-account.com,phishing,noreply1833@suspicious-domain.com
2024-03-04 13:25:21.760880448,Urgent: Verify your account,"Dear valued customer, we have detected suspicious activity on your account. Please verify your identity by clicking the link below: http://secure-bank-verify.com/login",phishing,noreply1834@suspicious-domain.com
2024-03-06 09:16:07.083541760,Urgent: Verify your account,"Dear valued customer, we have detected suspicious activity on your account. Please verify your identity by clicking the link below: http://secure-bank-verify.com/login",phishing,noreply1835@suspicious-domain.com
2024-03-08 05:06:52.406203072,Confirm your identity immediately,Your account will be suspended unless you update your payment information immediately. Click here: https://paypal-secure.verify-account.com,phishing,noreply1836@suspicious-domain.com
2024-03-10 00:57:37.728864384,Action required: Update payment information,Your package is ready for delivery. Track your shipment: http://tracking-express.com/package,phishing,noreply1837@suspicious-domain.com
2024-03-11 20:48:23.051525760,Action required: Update payment information,Your account will be suspended unless you update your payment information immediately. Click here: https://paypal-secure.verify-account.com,phishing,noreply1838@suspicious-domain.com
2024-03-13 16:39:08.374187072,Unusual activity detected,"Dear valued customer, we have detected suspicious activity on your account. Please verify your identity by clicking the link below: http://secure-bank-verify.com/login",phishing,noreply1839@suspicious-domain.com
2024-03-15 12:29:53.696848384,Click here to claim your prize,Your account will be suspended unless you update your payment information immediately. Click here: https://paypal-secure.verify-account.com,phishing,noreply1840@suspicious-domain.com
2024-03-17 08:20:39.019509760,Your account has been compromised,Your account will be suspended unless you update your payment information immediately. Click here: https://paypal-secure.verify-account.com,phishing,noreply1841@suspicious-domain.com
2024-03-19 04:11:24.342171072,Your account has been compromised,Your package is ready for delivery. Track your shipment: http://tracking-express.com/package,phishing,noreply1842@suspicious-domain.com
2024-03-21 00:02:09.664832384,Your package is waiting,We need to confirm your identity. Please provide your account details: https://account-security.com/verify,phishing,noreply1843@suspicious-domain.com
2024-03-22 19:52:54.987493760,Unusual activity detected,"Dear valued customer, we have detected suspicious activity on your account. Please verify your identity by clicking the link below: http://secure-bank-verify.com/login",phishing,noreply1844@suspicious-domain.com
2024-03-24 15:43:40.310155072,Urgent: Verify your account,Your package is ready for delivery. Track your shipment: http://tracking-express.com/package,phishing,noreply1845@suspicious-domain.com
2024-03-26 11:34:25.632816384,Unusual activity detected,Your account will be suspended unless you update your payment information immediately. Click here: https://paypal-secure.verify-account.com,phishing,noreply1846@suspicious-domain.com
2024-03-28 07:25:10.955477696,Unusual activity detected,Your account will be suspended unless you update your payment information immediately. Click here: https://paypal-secure.verify-account.com,phishing,noreply1847@suspicious-domain.com
2024-03-30 03:15:56.278139072,Unusual activity detected,We need to confirm your identity. Please provide your account details: https://account-security.com/verify,phishing,noreply1848@suspicious-domain.com
2024-03-31 23:06:41.600800384,Action required: Update payment information,"Dear valued customer, we have detected suspicious activity on your account. Please verify your identity by clicking the link below: http://secure-bank-verify.com/login",phishing,noreply1849@suspicious-domain.com
2024-04-02 18:57:26.923461696,Unusual activity detected,"Dear valued customer, we have detected suspicious activity on your account. Please verify your identity by clicking the link below: http://secure-bank-verify.com/login",phishing,noreply1850@suspicious-domain.com
2024-04-04 14:48:12.246123072,Important security alert,Congratulations! You have been selected as a winner. Claim your prize now: http://prize-winner.net/claim,phishing,noreply1851@suspicious-domain.com
2024-04-06 10:38:57.568784384,Your account has been compromised,"Dear valued customer, we have detected suspicious activity on your account. Please verify your identity by clicking the link below: http://secure-bank-verify.com/login",phishing,noreply1852@suspicious-domain.com
2024-04-08 06:29:42.891445696,Your package is waiting,We need to confirm your identity. Please provide your account details: https://account-security.com/verify,phishing,noreply1853@suspicious-domain.com
2024-04-10 02:20:28.214107008,Important security alert,Congratulations! You have been selected as a winner. Claim your prize now: http://prize-winner.net/claim,phishing,noreply1854@suspicious-domain.com
2024-04-11 22:11:13.536768384,Your package is waiting,Congratulations! You have been selected as a winner. Claim your prize now: http://prize-winner.net/claim,phishing,noreply1855@suspicious-domain.com
2024-04-13 18:01:58.859429696,Confirm your identity immediately,Your account will be suspended unless you update your payment information immediately. Click here: https://paypal-secure.verify-account.com,phishing,noreply1856@suspicious-domain.com
2024-04-15 13:52:44.182091008,Your package is waiting,Your account will be suspended unless you update your payment information immediately. Click here: https://paypal-secure.verify-account.com,phishing,noreply1857@suspicious-domain.com
2024-04-17 09:43:29.504752384,Your account has been compromised,"Dear valued customer, we have detected suspicious activity on your account. Please verify your identity by clicking the link below: http://secure-bank-verify.com/login",phishing,noreply1858@suspicious-domain.com
2024-04-19 05:34:14.827413696,Your account has been compromised,Congratulations! You have been selected as a winner. Claim your prize now: http://prize-winner.net/claim,phishing,noreply1859@suspicious-domain.com
2024-04-21 01:25:00.150075008,Unusual activity detected,Your account will be suspended unless you update your payment information immediately. Click here: https://paypal-secure.verify-account.com,phishing,noreply1860@suspicious-domain.com
2024-04-22 21:15:45.472736320,Congratulations! You've won,We need to confirm your identity. Please provide your account details: https://account-security.com/verify,phishing,noreply1861@suspicious-domain.com
2024-04-24 17:06:30.795397696,Confirm your identity immediately,Your account will be suspended unless you update your payment information immediately. Click here: https://paypal-secure.verify-account.com,phishing,noreply1862@suspicious-domain.com
2024-04-26 12:57:16.118059008,Urgent: Verify your account,Your account will be suspended unless you update your payment information immediately. Click here: https://paypal-secure.verify-account.com,phishing,noreply1863@suspicious-domain.com
2024-04-28 08:48:01.440720320,Reset your password now,Congratulations! You have been selected as a winner. Claim your prize now: http://prize-winner.net/claim,phishing,noreply1864@suspicious-domain.com
2024-04-30 04:38:46.763381696,Your package is waiting,Congratulations! You have been selected as a winner. Claim your prize now: http://prize-winner.net/claim,phishing,noreply1865@suspicious-domain.com
2024-05-02 00:29:32.086043008,Congratulations! You've won,Your package is ready for delivery. Track your shipment: http://tracking-express.com/package,phishing,noreply1866@suspicious-domain.com
2024-05-03 20:20:17.408704320,Unusual activity detected,We need to confirm your identity. Please provide your account details: https://account-security.com/verify,phishing,noreply1867@suspicious-domain.com
2024-05-05 16:11:02.731365696,Action required: Update payment information,Congratulations! You have been selected as a winner. Claim your prize now: http://prize-winner.net/claim,phishing,noreply1868@suspicious-domain.com
2024-05-07 12:01:48.054027008,Urgent: Verify your account,"Dear valued customer, we have detected suspicious activity on your account. Please verify your identity by clicking the link below: http://secure-bank-verify.com/login",phishing,noreply1869@suspicious-domain.com
2024-05-09 07:52:33.376688320,Click here to claim your prize,We need to confirm your identity. Please provide your account details: https://account-security.com/verify,phishing,noreply1870@suspicious-domain.com
2024-05-11 03:43:18.699349632,Congratulations! You've won,We need to confirm your identity. Please provide your account details: https://account-security.com/verify,phishing,noreply1871@suspicious-domain.com
2024-05-12 23:34:04.022011008,Action required: Update payment information,Congratulations! You have been selected as a winner. Claim your prize now: http://prize-winner.net/claim,phishing,noreply1872@suspicious-domain.com
2024-05-14 19:24:49.344672320,Confirm your identity immediately,We need to confirm your identity. Please provide your account details: https://account-security.com/verify,phishing,noreply1873@suspicious-domain.com
2024-05-16 15:15:34.667333632,Unusual activity detected,Congratulations! You have been selected as a winner. Claim your prize now: http://prize-winner.net/claim,phishing,noreply1874@suspicious-domain.com
2024-05-18 11:06:19.989995008,Urgent: Verify your account,Your account will be suspended unless you update your payment information immediately. Click here: https://paypal-secure.verify-account.com,phishing,noreply1875@suspicious-domain.com
2024-05-20 06:57:05.312656320,Urgent: Verify your account,Your package is ready for delivery. Track your shipment: http://tracking-express.com/package,phishing,noreply1876@suspicious-domain.com
2024-05-22 02:47:50.635317632,Urgent: Verify your account,Your account will be suspended unless you update your payment information immediately. Click here: https://paypal-secure.verify-account.com,phishing,noreply1877@suspicious-domain.com
2024-05-23 22:38:35.957978944,Confirm your identity immediately,Congratulations! You have been selected as a winner. Claim your prize now: http://prize-winner.net/claim,phishing,noreply1878@suspicious-domain.com
2024-05-25 18:29:21.280640320,Your package is waiting,Congratulations! You have been selected as a winner. Claim your prize now: http://prize-winner.net/claim,phishing,noreply1879@suspicious-domain.com
2024-05-27 14:20:06.603301632,Click here to claim your prize,Your account will be suspended unless you update your payment information immediately. Click here: https://paypal-secure.verify-account.com,phishing,noreply1880@suspicious-domain.com
2024-05-29 10:10:51.925962944,Confirm your identity immediately,"Dear valued customer, we have detected suspicious activity on your account. Please verify your identity by clicking the link below: http://secure-bank-verify.com/login",phishing,noreply1881@suspicious-domain.com
2024-05-31 06:01:37.248624320,Reset your password now,"Dear valued customer, we have detected suspicious activity on your account. Please verify your identity by clicking the link below: http://secure-bank-verify.com/login",phishing,noreply1882@suspicious-domain.com
2024-06-02 01:52:22.571285632,Click here to claim your prize,"Dear valued customer, we have detected suspicious activity on your account. Please verify your identity by clicking the link below: http://secure-bank-verify.com/login",phishing,noreply1883@suspicious-domain.com
2024-06-03 21:43:07.893946944,Your account has been compromised,Congratulations! You have been selected as a winner. Claim your prize now: http://prize-winner.net/claim,phishing,noreply1884@suspicious-domain.com
2024-06-05 17:33:53.216608256,Unusual activity detected,We need to confirm your identity. Please provide your account details: https://account-security.com/verify,phishing,noreply1885@suspicious-domain.com
2024-06-07 13:24:38.539269632,Confirm your identity immediately,Congratulations! You have been selected as a winner. Claim your prize now: http://prize-winner.net/claim,phishing,noreply1886@suspicious-domain.com
2024-06-09 09:15:23.861930944,Action required: Update payment information,We need to confirm your identity. Please provide your account details: https://account-security.com/verify,phishing,noreply1887@suspicious-domain.com
2024-06-11 05:06:09.184592256,Click here to claim your prize,Your account will be suspended unless you update your payment information immediately. Click here: https://paypal-secure.verify-account.com,phishing,noreply1888@suspicious-domain.com
2024-06-13 00:56:54.507253632,Reset your password now,Your package is ready for delivery. Track your shipment: http://tracking-express.com/package,phishing,noreply1889@suspicious-domain.com
2024-06-14 20:47:39.829914944,Your account has been compromised,We need to confirm your identity. Please provide your account details: https://account-security.com/verify,phishing,noreply1890@suspicious-domain.com
2024-06-16 16:38:25.152576256,Your package is waiting,"Dear valued customer, we have detected suspicious activity on your account. Please verify your identity by clicking the link below: http://secure-bank-verify.com/login",phishing,noreply1891@suspicious-domain.com
2024-06-18 12:29:10.475237632,Action required: Update payment information,Congratulations! You have been selected as a winner. Claim your prize now: http://prize-winner.net/claim,phishing,noreply1892@suspicious-domain.com
2024-06-20 08:19:55.797898944,Click here to claim your prize,Your account will be suspended unless you update your payment information immediately. Click here: https://paypal-secure.verify-account.com,phishing,noreply1893@suspicious-domain.com
2024-06-22 04:10:41.120560256,Unusual activity detected,"Dear valued customer, we have detected suspicious activity on your account. Please verify your identity by clicking the link below: http://secure-bank-verify.com/login",phishing,noreply1894@suspicious-domain.com
2024-06-24 00:01:26.443221568,Action required: Update payment information,Your account will be suspended unless you update your payment information immediately. Click here: https://paypal-secure.verify-account.com,phishing,noreply1895@suspicious-domain.com
2024-06-25 19:52:11.765882944,Your account has been compromised,Your package is ready for delivery. Track your shipment: http://tracking-express.com/package,phishing,noreply1896@suspicious-domain.com
2024-06-27 15:42:57.088544256,Action required: Update payment information,Congratulations! You have been selected as a winner. Claim your prize now: http://prize-winner.net/claim,phishing,noreply1897@suspicious-domain.com
2024-06-29 11:33:42.411205568,Important security alert,Congratulations! You have been selected as a winner. Claim your prize now: http://prize-winner.net/claim,phishing,noreply1898@suspicious-domain.com
2024-07-01 07:24:27.733866944,Congratulations! You've won,Your package is ready for delivery. Track your shipment: http://tracking-express.com/package,phishing,noreply1899@suspicious-domain.com
2024-07-03 03:15:13.056528256,Your package is waiting,Congratulations! You have been selected as a winner. Claim your prize now: http://prize-winner.net/claim,phishing,noreply1900@suspicious-domain.com
2024-07-04 23:05:58.379189568,Your account has been compromised,We need to confirm your identity. Please provide your account details: https://account-security.com/verify,phishing,noreply1901@suspicious-domain.com
2024-07-06 18:56:43.701850880,Action required: Update payment information,Your account will be suspended unless you update your payment information immediately. Click here: https://paypal-secure.verify-account.com,phishing,noreply1902@suspicious-domain.com
2024-07-08 14:47:29.024512256,Congratulations! You've won,"Dear valued customer, we have detected suspicious activity on your account. Please verify your identity by clicking the link below: http://secure-bank-verify.com/login",phishing,noreply1903@suspicious-domain.com
2024-07-10 10:38:14.347173568,Congratulations! You've won,Your package is ready for delivery. Track your shipment: http://tracking-express.com/package,phishing,noreply1904@suspicious-domain.com
2024-07-12 06:28:59.669834880,Action required: Update payment information,We need to confirm your identity. Please provide your account details: https://account-security.com/verify,phishing,noreply1905@suspicious-domain.com
2024-07-14 02:19:44.992496256,Unusual activity detected,"Dear valued customer, we have detected suspicious activity on your account. Please verify your identity by clicking the link below: http://secure-bank-verify.com/login",phishing,noreply1906@suspicious-domain.com
2024-07-15 22:10:30.315157568,Important security alert,"Dear valued customer, we have detected suspicious activity on your account. Please verify your identity by clicking the link below: http://secure-bank-verify.com/login",phishing,noreply1907@suspicious-domain.com
2024-07-17 18:01:15.637818880,Confirm your identity immediately,Your package is ready for delivery. Track your shipment: http://tracking-express.com/package,phishing,noreply1908@suspicious-domain.com
2024-07-19 13:52:00.960480192,Important security alert,We need to confirm your identity. Please provide your account details: https://account-security.com/verify,phishing,noreply1909@suspicious-domain.com
2024-07-21 09:42:46.283141568,Action required: Update payment information,"Dear valued customer, we have detected suspicious activity on your account. Please verify your identity by clicking the link below: http://secure-bank-verify.com/login",phishing,noreply1910@suspicious-domain.com
2024-07-23 05:33:31.605802880,Your package is waiting,"Dear valued customer, we have detected suspicious activity on your account. Please verify your identity by clicking the link below: http://secure-bank-verify.com/login",phishing,noreply1911@suspicious-domain.com
2024-07-25 01:24:16.928464192,Confirm your identity immediately,We need to confirm your identity. Please provide your account details: https://account-security.com/verify,phishing,noreply1912@suspicious-domain.com
2024-07-26 21:15:02.251125568,Your account has been compromised,Congratulations! You have been selected as a winner. Claim your prize now: http://prize-winner.net/claim,phishing,noreply1913@suspicious-domain.com
2024-07-28 17:05:47.573786880,Important security alert,"Dear valued customer, we have detected suspicious activity on your account. Please verify your identity by clicking the link below: http://secure-bank-verify.com/login",phishing,noreply1914@suspicious-domain.com
2024-07-30 12:56:32.896448192,Action required: Update payment information,Your account will be suspended unless you update your payment information immediately. Click here: https://paypal-secure.verify-account.com,phishing,noreply1915@suspicious-domain.com
2024-08-01 08:47:18.219109568,Important security alert,We need to confirm your identity. Please provide your account details: https://account-security.com/verify,phishing,noreply1916@suspicious-domain.com
2024-08-03 04:38:03.541770880,Confirm your identity immediately,"Dear valued customer, we have detected suspicious activity on your account. Please verify your identity by clicking the link below: http://secure-bank-verify.com/login",phishing,noreply1917@suspicious-domain.com
2024-08-05 00:28:48.864432192,Reset your password now,Your package is ready for delivery. Track your shipment: http://tracking-express.com/package,phishing,noreply1918@suspicious-domain.com
2024-08-06 20:19:34.187093504,Click here to claim your prize,Your account will be suspended unless you update your payment information immediately. Click here: https://paypal-secure.verify-account.com,phishing,noreply1919@suspicious-domain.com
2024-08-08 16:10:19.509754880,Important security alert,"Dear valued customer, we have detected suspicious activity on your account. Please verify your identity by clicking the link below: http://secure-bank-verify.com/login",phishing,noreply1920@suspicious-domain.com
2024-08-10 12:01:04.832416192,Your account has been compromised,Your account will be suspended unless you update your payment information immediately. Click here: https://paypal-secure.verify-account.com,phishing,noreply1921@suspicious-domain.com
2024-08-12 07:51:50.155077504,Your account has been compromised,Your account will be suspended unless you update your payment information immediately. Click here: https://paypal-secure.verify-account.com,phishing,noreply1922@suspicious-domain.com
2024-08-14 03:42:35.477738880,Urgent: Verify your account,Congratulations! You have been selected as a winner. Claim your prize now: http://prize-winner.net/claim,phishing,noreply1923@suspicious-domain.com
2024-08-15 23:33:20.800400192,Important security alert,Your account will be suspended unless you update your payment information immediately. Click here: https://paypal-secure.verify-account.com,phishing,noreply1924@suspicious-domain.com
2024-08-17 19:24:06.123061504,Click here to claim your prize,Congratulations! You have been selected as a winner. Claim your prize now: http://prize-winner.net/claim,phishing,noreply1925@suspicious-domain.com
2024-08-19 15:14:51.445722816,Unusual activity detected,We need to confirm your identity. Please provide your account details: https://account-security.com/verify,phishing,noreply1926@suspicious-domain.com
2024-08-21 11:05:36.768384192,Congratulations! You've won,Congratulations! You have been selected as a winner. Claim your prize now: http://prize-winner.net/claim,phishing,noreply1927@suspicious-domain.com
2024-08-23 06:56:22.091045504,Click here to claim your prize,Your package is ready for delivery. Track your shipment: http://tracking-express.com/package,phishing,noreply1928@suspicious-domain.com
2024-08-25 02:47:07.413706816,Congratulations! You've won,"Dear valued customer, we have detected suspicious activity on your account. Please verify your identity by clicking the link below: http://secure-bank-verify.com/login",phishing,noreply1929@suspicious-domain.com
2024-08-26 22:37:52.736368192,Congratulations! You've won,We need to confirm your identity. Please provide your account details: https://account-security.com/verify,phishing,noreply1930@suspicious-domain.com
2024-08-28 18:28:38.059029504,Reset your password now,We need to confirm your identity. Please provide your account details: https://account-security.com/verify,phishing,noreply1931@suspicious-domain.com
2024-08-30 14:19:23.381690816,Urgent: Verify your account,Your package is ready for delivery. Track your shipment: http://tracking-express.com/package,phishing,noreply1932@suspicious-domain.com
2024-09-01 10:10:08.704352128,Click here to claim your prize,Congratulations! You have been selected as a winner. Claim your prize now: http://prize-winner.net/claim,phishing,noreply1933@suspicious-domain.com
2024-09-03 06:00:54.027013504,Click here to claim your prize,"Dear valued customer, we have detected suspicious activity on your account. Please verify your identity by clicking the link below: http://secure-bank-verify.com/login",phishing,noreply1934@suspicious-domain.com
2024-09-05 01:51:39.349674816,Reset your password now,Congratulations! You have been selected as a winner. Claim your prize now: http://prize-winner.net/claim,phishing,noreply1935@suspicious-domain.com
2024-09-06 21:42:24.672336128,Important security alert,Your account will be suspended unless you update your payment information immediately. Click here: https://paypal-secure.verify-account.com,phishing,noreply1936@suspicious-domain.com
2024-09-08 17:33:09.994997504,Important security alert,Congratulations! You have been selected as a winner. Claim your prize now: http://prize-winner.net/claim,phishing,noreply1937@suspicious-domain.com
2024-09-10 13:23:55.317658816,Important security alert,We need to confirm your identity. Please provide your account details: https://account-security.com/verify,phishing,noreply1938@suspicious-domain.com
2024-09-12 09:14:40.640320128,Your package is waiting,"Dear valued customer, we have detected suspicious activity on your account. Please verify your identity by clicking the link below: http://secure-bank-verify.com/login",phishing,noreply1939@suspicious-domain.com
2024-09-14 05:05:25.962981504,Congratulations! You've won,Congratulations! You have been selected as a winner. Claim your prize now: http://prize-winner.net/claim,phishing,noreply1940@suspicious-domain.com
2024-09-16 00:56:11.285642816,Your package is waiting,"Dear valued customer, we have detected suspicious activity on your account. Please verify your identity by clicking the link below: http://secure-bank-verify.com/login",phishing,noreply1941@suspicious-domain.com
2024-09-17 20:46:56.608304128,Urgent: Verify your account,"Dear valued customer, we have detected suspicious activity on your account. Please verify your identity by clicking the link below: http://secure-bank-verify.com/login",phishing,noreply1942@suspicious-domain.com
2024-09-19 16:37:41.930965440,Reset your password now,Your account will be suspended unless you update your payment information immediately. Click here: https://paypal-secure.verify-account.com,phishing,noreply1943@suspicious-domain.com
2024-09-21 12:28:27.253626816,Click here to claim your prize,Your account will be suspended unless you update your payment information immediately. Click here: https://paypal-secure.verify-account.com,phishing,noreply1944@suspicious-domain.com
2024-09-23 08:19:12.576288128,Congratulations! You've won,We need to confirm your identity. Please provide your account details: https://account-security.com/verify,phishing,noreply1945@suspicious-domain.com
2024-09-25 04:09:57.898949440,Your package is waiting,Your package is ready for delivery. Track your shipment: http://tracking-express.com/package,phishing,noreply1946@suspicious-domain.com
2024-09-27 00:00:43.221610816,Your package is waiting,"Dear valued customer, we have detected suspicious activity on your account. Please verify your identity by clicking the link below: http://secure-bank-verify.com/login",phishing,noreply1947@suspicious-domain.com
2024-09-28 19:51:28.544272128,Action required: Update payment information,Your package is ready for delivery. Track your shipment: http://tracking-express.com/package,phishing,noreply1948@suspicious-domain.com
2024-09-30 15:42:13.866933440,Your package is waiting,We need to confirm your identity. Please provide your account details: https://account-security.com/verify,phishing,noreply1949@suspicious-domain.com
2024-10-02 11:32:59.189594752,Unusual activity detected,"Dear valued customer, we have detected suspicious activity on your account. Please verify your identity by clicking the link below: http://secure-bank-verify.com/login",phishing,noreply1950@suspicious-domain.com
2024-10-04 07:23:44.512256128,Click here to claim your prize,"Dear valued customer, we have detected suspicious activity on your account. Please verify your identity by clicking the link below: http://secure-bank-verify.com/login",phishing,noreply1951@suspicious-domain.com
2024-10-06 03:14:29.834917440,Unusual activity detected,Your package is ready for delivery. Track your shipment: http://tracking-express.com/package,phishing,noreply1952@suspicious-domain.com
2024-10-07 23:05:15.157578752,Click here to claim your prize,Congratulations! You have been selected as a winner. Claim your prize now: http://prize-winner.net/claim,phishing,noreply1953@suspicious-domain.com
2024-10-09 18:56:00.480240128,Reset your password now,Your account will be suspended unless you update your payment information immediately. Click here: https://paypal-secure.verify-account.com,phishing,noreply1954@suspicious-domain.com
2024-10-11 14:46:45.802901440,Click here to claim your prize,Congratulations! You have been selected as a winner. Claim your prize now: http://prize-winner.net/claim,phishing,noreply1955@suspicious-domain.com
2024-10-13 10:37:31.125562752,Unusual activity detected,Your package is ready for delivery. Track your shipment: http://tracking-express.com/package,phishing,noreply1956@suspicious-domain.com
2024-10-15 06:28:16.448224064,Click here to claim your prize,Your account will be suspended unless you update your payment information immediately. Click here: https://paypal-secure.verify-account.com,phishing,noreply1957@suspicious-domain.com
2024-10-17 02:19:01.770885440,Reset your password now,Congratulations! You have been selected as a winner. Claim your prize now: http://prize-winner.net/claim,phishing,noreply1958@suspicious-domain.com
2024-10-18 22:09:47.093546752,Reset your password now,Your account will be suspended unless you update your payment information immediately. Click here: https://paypal-secure.verify-account.com,phishing,noreply1959@suspicious-domain.com
2024-10-20 18:00:32.416208064,Urgent: Verify your account,"Dear valued customer, we have detected suspicious activity on your account. Please verify your identity by clicking the link below: http://secure-bank-verify.com/login",phishing,noreply1960@suspicious-domain.com
2024-10-22 13:51:17.738869440,Click here to claim your prize,Congratulations! You have been selected as a winner. Claim your prize now: http://prize-winner.net/claim,phishing,noreply1961@suspicious-domain.com
2024-10-24 09:42:03.061530752,Action required: Update payment information,Your account will be suspended unless you update your payment information immediately. Click here: https://paypal-secure.verify-account.com,phishing,noreply1962@suspicious-domain.com
2024-10-26 05:32:48.384192064,Important security alert,Your account will be suspended unless you update your payment information immediately. Click here: https://paypal-secure.verify-account.com,phishing,noreply1963@suspicious-domain.com
2024-10-28 01:23:33.706853440,Your account has been compromised,Your account will be suspended unless you update your payment information immediately. Click here: https://paypal-secure.verify-account.com,phishing,noreply1964@suspicious-domain.com
2024-10-29 21:14:19.029514752,Reset your password now,Congratulations! You have been selected as a winner. Claim your prize now: http://prize-winner.net/claim,phishing,noreply1965@suspicious-domain.com
2024-10-31 17:05:04.352176064,Confirm your identity immediately,We need to confirm your identity. Please provide your account details: https://account-security.com/verify,phishing,noreply1966@suspicious-domain.com
2024-11-02 12:55:49.674837376,Important security alert,Congratulations! You have been selected as a winner. Claim your prize now: http://prize-winner.net/claim,phishing,noreply1967@suspicious-domain.com
2024-11-04 08:46:34.997498752,Congratulations! You've won,Your package is ready for delivery. Track your shipment: http://tracking-express.com/package,phishing,noreply1968@suspicious-domain.com
2024-11-06 04:37:20.320160064,Click here to claim your prize,Congratulations! You have been selected as a winner. Claim your prize now: http://prize-winner.net/claim,phishing,noreply1969@suspicious-domain.com
2024-11-08 00:28:05.642821376,Unusual activity detected,Your account will be suspended unless you update your payment information immediately. Click here: https://paypal-secure.verify-account.com,phishing,noreply1970@suspicious-domain.com
2024-11-09 20:18:50.965482752,Your account has been compromised,"Dear valued customer, we have detected suspicious activity on your account. Please verify your identity by clicking the link below: http://secure-bank-verify.com/login",phishing,noreply1971@suspicious-domain.com
2024-11-11 16:09:36.288144064,Confirm your identity immediately,Congratulations! You have been selected as a winner. Claim your prize now: http://prize-winner.net/claim,phishing,noreply1972@suspicious-domain.com
2024-11-13 12:00:21.610805376,Important security alert,Congratulations! You have been selected as a winner. Claim your prize now: http://prize-winner.net/claim,phishing,noreply1973@suspicious-domain.com
2024-11-15 07:51:06.933466688,Click here to claim your prize,Your account will be suspended unless you update your payment information immediately. Click here: https://paypal-secure.verify-account.com,phishing,noreply1974@suspicious-domain.com
2024-11-17 03:41:52.256128064,Urgent: Verify your account,"Dear valued customer, we have detected suspicious activity on your account. Please verify your identity by clicking the link below: http://secure-bank-verify.com/login",phishing,noreply1975@suspicious-domain.com
2024-11-18 23:32:37.578789376,Congratulations! You've won,"Dear valued customer, we have detected suspicious activity on your account. Please verify your identity by clicking the link below: http://secure-bank-verify.com/login",phishing,noreply1976@suspicious-domain.com
2024-11-20 19:23:22.901450688,Your account has been compromised,Your package is ready for delivery. Track your shipment: http://tracking-express.com/package,phishing,noreply1977@suspicious-domain.com
2024-11-22 15:14:08.224112064,Action required: Update payment information,Congratulations! You have been selected as a winner. Claim your prize now: http://prize-winner.net/claim,phishing,noreply1978@suspicious-domain.com
2024-11-24 11:04:53.546773376,Urgent: Verify your account,"Dear valued customer, we have detected suspicious activity on your account. Please verify your identity by clicking the link below: http://secure-bank-verify.com/login",phishing,noreply1979@suspicious-domain.com
2024-11-26 06:55:38.869434688,Confirm your identity immediately,"Dear valued customer, we have detected suspicious activity on your account. Please verify your identity by clicking the link below: http://secure-bank-verify.com/login",phishing,noreply1980@suspicious-domain.com
2024-11-28 02:46:24.192096000,Your account has been compromised,We need to confirm your identity. Please provide your account details: https://account-security.com/verify,phishing,noreply1981@suspicious-domain.com
2024-11-29 22:37:09.514757376,Urgent: Verify your account,We need to confirm your identity. Please provide your account details: https://account-security.com/verify,phishing,noreply1982@suspicious-domain.com
2024-12-01 18:27:54.837418688,Congratulations! You've won,"Dear valued customer, we have detected suspicious activity on your account. Please verify your identity by clicking the link below: http://secure-bank-verify.com/login",phishing,noreply1983@suspicious-domain.com
2024-12-03 14:18:40.160080000,Action required: Update payment information,Your package is ready for delivery. Track your shipment: http://tracking-express.com/package,phishing,noreply1984@suspicious-domain.com
2024-12-05 10:09:25.482741376,Urgent: Verify your account,"Dear valued customer, we have detected suspicious activity on your account. Please verify your identity by clicking the link below: http://secure-bank-verify.com/login",phishing,noreply1985@suspicious-domain.com
2024-12-07 06:00:10.805402688,Your package is waiting,Your account will be suspended unless you update your payment information immediately. Click here: https://paypal-secure.verify-account.com,phishing,noreply1986@suspicious-domain.com
2024-12-09 01:50:56.128064000,Action required: Update payment information,Congratulations! You have been selected as a winner. Claim your prize now: http://prize-winner.net/claim,phishing,noreply1987@suspicious-domain.com
2024-12-10 21:41:41.450725376,Confirm your identity immediately,Your package is ready for delivery. Track your shipment: http://tracking-express.com/package,phishing,noreply1988@suspicious-domain.com
2024-12-12 17:32:26.773386688,Congratulations! You've won,Your account will be suspended unless you update your payment information immediately. Click here: https://paypal-secure.verify-account.com,phishing,noreply1989@suspicious-domain.com
2024-12-14 13:23:12.096048000,Click here to claim your prize,Your package is ready for delivery. Track your shipment: http://tracking-express.com/package,phishing,noreply1990@suspicious-domain.com
2024-12-16 09:13:57.418709312,Unusual activity detected,Your account will be suspended unless you update your payment information immediately. Click here: https://paypal-secure.verify-account.com,phishing,noreply1991@suspicious-domain.com
2024-12-18 05:04:42.741370688,Unusual activity detected,Congratulations! You have been selected as a winner. Claim your prize now: http://prize-winner.net/claim,phishing,noreply1992@suspicious-domain.com
2024-12-20 00:55:28.064032000,Unusual activity detected,Congratulations! You have been selected as a winner. Claim your prize now: http://prize-winner.net/claim,phishing,noreply1993@suspicious-domain.com
2024-12-21 20:46:13.386693312,Your account has been compromised,We need to confirm your identity. Please provide your account details: https://account-security.com/verify,phishing,noreply1994@suspicious-domain.com
2024-12-23 16:36:58.709354688,Confirm your identity immediately,Your account will be suspended unless you update your payment information immediately. Click here: https://paypal-secure.verify-account.com,phishing,noreply1995@suspicious-domain.com
2024-12-25 12:27:44.032016000,Congratulations! You've won,We need to confirm your identity. Please provide your account details: https://account-security.com/verify,phishing,noreply1996@suspicious-domain.com
2024-12-27 08:18:29.354677312,Action required: Update payment information,Your account will be suspended unless you update your payment information immediately. Click here: https://paypal-secure.verify-account.com,phishing,noreply1997@suspicious-domain.com
2024-12-29 04:09:14.677338624,Your account has been compromised,We need to confirm your identity. Please provide your account details: https://account-security.com/verify,phishing,noreply1998@suspicious-domain.com
2024-12-31 00:00:00.000000000,Confirm your identity immediately,Congratulations! You have been selected as a winner. Claim your prize now: http://prize-winner.net/claim,phishing,noreply1999@suspicious-domain.com
